imageid,price
7.jpg,750.0
1590.jpg,549.99
289.jpg,209.0
3340.jpg,779.0
2178.jpg,230.0
3798.jpg,499.9
7378.jpg,449.9
7846.jpg,795.0
6797.jpg,1349.0
1656.jpg,935.0
2968.jpg,339.9
402.jpg,829.0
5499.jpg,242.0
3134.jpg,389.0
6366.jpg,990.0
1864.jpg,747.9
7953.jpg,920.0
2277.jpg,284.0
3519.jpg,739.999
5874.jpg,895.0
4011.jpg,539.9
6248.jpg,479.0
6162.jpg,799.0
166.jpg,630.0
53.jpg,1434.0
2427.jpg,1674.0
2289.jpg,439.888
3532.jpg,866.415
4690.jpg,799.9
5534.jpg,850.0
1676.jpg,699.9
6290.jpg,535.0
3097.jpg,579.0
7942.jpg,599.9
3270.jpg,550.0
324.jpg,519.0
6571.jpg,559.999
5468.jpg,649.0
6809.jpg,990.0
3810.jpg,399.0
5850.jpg,514.9
5157.jpg,390.0
6637.jpg,1499.0
3611.jpg,998.0
2594.jpg,490.0
3496.jpg,385.0
4767.jpg,799.0
5655.jpg,727.008
2015.jpg,197.0
6361.jpg,840.0
3858.jpg,719.0
2844.jpg,419.99
6377.jpg,677.0
5006.jpg,495.0
7005.jpg,1999.999
909.jpg,499.999
7572.jpg,679.9
1315.jpg,1300.0
7852.jpg,799.999
236.jpg,799.0
3706.jpg,359.9
2591.jpg,1495.0
5951.jpg,788.9
6075.jpg,329.9
3257.jpg,499.999
2784.jpg,739.0
2727.jpg,739.0
5066.jpg,659.9
1980.jpg,345.0
3574.jpg,735.0
3127.jpg,580.0
4146.jpg,1189.0
4263.jpg,280.0
7292.jpg,355.0
5120.jpg,564.463
3019.jpg,249.999
114.jpg,315.0
2920.jpg,699.0
7351.jpg,974.99
1068.jpg,749.999
7586.jpg,520.0
4343.jpg,455.5
932.jpg,949.0
5152.jpg,1170.0
1224.jpg,794.9
7413.jpg,545.0
4524.jpg,549.9
4615.jpg,195.0
2278.jpg,1950.0
3314.jpg,860.0
1862.jpg,450.0
3545.jpg,689.0
3960.jpg,450.0
1448.jpg,279.9
4353.jpg,775.0
7267.jpg,399.9
5677.jpg,968.0
2898.jpg,595.0
3584.jpg,219.95
2600.jpg,765.9
2739.jpg,678.99
7202.jpg,344.888
3224.jpg,349.9
3910.jpg,799.9
6057.jpg,1999.999
2025.jpg,429.0
2474.jpg,1350.0
4345.jpg,677.0
2242.jpg,549.9
527.jpg,1159.0
2230.jpg,750.0
6979.jpg,575.0
4395.jpg,649.0
1599.jpg,559.0
1355.jpg,399.0
7110.jpg,1295.0
3441.jpg,320.0
3657.jpg,850.0
7570.jpg,240.0
4632.jpg,599.0
2071.jpg,1150.0
6458.jpg,649.0
119.jpg,490.0
413.jpg,245.0
2029.jpg,225.0
6687.jpg,449.9
1388.jpg,329.0
2312.jpg,734.9
5051.jpg,1225.0
1674.jpg,249.0
4481.jpg,749.0
1816.jpg,893.0
6736.jpg,549.0
6095.jpg,525.0
6360.jpg,495.0
4419.jpg,993.0
6194.jpg,375.0
3674.jpg,249.0
476.jpg,849.0
7511.jpg,550.0
766.jpg,624.9
7438.jpg,439.0
2104.jpg,1450.0
3963.jpg,494.9
6214.jpg,849.0
750.jpg,1250.0
2707.jpg,540.015
4039.jpg,419.9
1364.jpg,900.0
2089.jpg,698.0
3555.jpg,1299.0
6071.jpg,1775.0
4875.jpg,589.9
3777.jpg,249.0
1863.jpg,1148.0
560.jpg,848.0
255.jpg,599.0
5973.jpg,575.0
2281.jpg,249.9
5281.jpg,290.0
1134.jpg,760.0
6453.jpg,679.0
6862.jpg,648.0
5480.jpg,699.0
406.jpg,1750.0
6995.jpg,310.0
1204.jpg,249.0
2840.jpg,269.9
785.jpg,419.5
6709.jpg,639.9
4375.jpg,449.0
7473.jpg,495.0
7897.jpg,599.9
5278.jpg,199.99
7114.jpg,1150.0
5172.jpg,565.0
6024.jpg,715.0
7701.jpg,725.0
5078.jpg,419.9
4321.jpg,599.9
5983.jpg,679.0
5168.jpg,1499.95
3710.jpg,799.0
6787.jpg,799.777
5821.jpg,285.0
2735.jpg,670.0
7868.jpg,735.0
135.jpg,519.995
6511.jpg,1600.0
3712.jpg,379.99
2604.jpg,619.9
4514.jpg,1349.0
4371.jpg,699.0
3904.jpg,459.0
7507.jpg,538.88
2.jpg,265.0
5293.jpg,750.0
5315.jpg,1150.0
2522.jpg,525.0
969.jpg,1349.0
6370.jpg,365.0
8000.jpg,365.0
6210.jpg,829.0
7090.jpg,925.0
3776.jpg,479.9
7623.jpg,720.0
6873.jpg,488.5
4354.jpg,499.999
4550.jpg,1299.0
4429.jpg,595.0
1031.jpg,579.0
2223.jpg,899.0
7822.jpg,1795.0
5904.jpg,1298.0
3606.jpg,899.0
1398.jpg,887.0
7353.jpg,449.5
72.jpg,1700.0
7000.jpg,480.0
4831.jpg,1825.0
7478.jpg,849.0
5901.jpg,1139.0
1136.jpg,811.888
7775.jpg,1975.0
5917.jpg,484.5
4680.jpg,1059.0
5736.jpg,375.0
5103.jpg,579.0
5025.jpg,475.0
5441.jpg,647.9
7591.jpg,289.0
6017.jpg,369.0
1878.jpg,799.5
7490.jpg,298.5
3807.jpg,725.0
5201.jpg,739.0
209.jpg,669.999
5643.jpg,329.9
4711.jpg,247.0
189.jpg,1950.0
7088.jpg,260.0
310.jpg,589.999
1493.jpg,384.9
1269.jpg,759.9
899.jpg,1169.0
2150.jpg,699.9
2902.jpg,499.0
5946.jpg,499.0
4784.jpg,1165.0
4360.jpg,597.0
3610.jpg,545.0
4791.jpg,759.0
4599.jpg,304.9
178.jpg,240.0
2332.jpg,525.0
5813.jpg,690.0
7225.jpg,1149.0
3.jpg,895.0
1696.jpg,209.999
5641.jpg,989.0
4219.jpg,724.9
238.jpg,945.5
6272.jpg,529.0
644.jpg,393.0
2020.jpg,699.99
1223.jpg,369.87
481.jpg,225.0
922.jpg,245.5
2658.jpg,444.9
4588.jpg,989.0
4296.jpg,297.9
7604.jpg,549.0
6218.jpg,550.0
3857.jpg,850.0
961.jpg,569.0
4609.jpg,589.9
6545.jpg,749.0
1542.jpg,539.0
4702.jpg,524.999
5606.jpg,1599.0
392.jpg,249.0
423.jpg,1899.0
2019.jpg,668.9
5868.jpg,949.0
946.jpg,725.0
3512.jpg,687.5
7151.jpg,550.0
1605.jpg,788.5
1113.jpg,415.0
2154.jpg,579.999
3451.jpg,839.0
3326.jpg,640.0
7585.jpg,525.0
2275.jpg,1450.0
5072.jpg,749.0
4741.jpg,399.0
4756.jpg,699.614
2013.jpg,689.0
7935.jpg,899.0
26.jpg,285.0
982.jpg,539.9
5915.jpg,415.0
2993.jpg,329.9
3464.jpg,1995.0
4088.jpg,799.0
2660.jpg,725.0
3649.jpg,199.9
727.jpg,670.0
6672.jpg,315.0
3682.jpg,610.0
1041.jpg,468.88
5262.jpg,329.0
6623.jpg,529.0
3540.jpg,710.0
4807.jpg,639.9
4207.jpg,1529.0
3711.jpg,699.0
6852.jpg,699.9
1911.jpg,375.0
5526.jpg,1649.0
1328.jpg,1399.0
2480.jpg,599.0
7461.jpg,1750.0
742.jpg,495.0
6257.jpg,934.0
5453.jpg,229.0
892.jpg,799.0
2444.jpg,594.999
4119.jpg,439.0
5954.jpg,205.0
5967.jpg,389.0
3118.jpg,1299.9
6812.jpg,644.9
1038.jpg,769.9
916.jpg,749.888
6580.jpg,660.0
3252.jpg,639.9
1734.jpg,694.9
5976.jpg,225.0
1321.jpg,599.0
5404.jpg,699.999
5233.jpg,938.0
1312.jpg,615.0
4942.jpg,831.9
7244.jpg,760.0
5857.jpg,579.0
3138.jpg,865.0
7734.jpg,995.0
6649.jpg,1699.0
7496.jpg,1299.0
2924.jpg,325.0
3139.jpg,1250.0
890.jpg,274.96
6157.jpg,339.0
2438.jpg,532.999
1985.jpg,739.9
50.jpg,390.0
3633.jpg,289.5
7181.jpg,349.9
104.jpg,679.0
3059.jpg,248.5
6153.jpg,1895.0
5666.jpg,562.525
5138.jpg,585.0
6073.jpg,674.888
748.jpg,944.0
2554.jpg,995.0
6156.jpg,675.0
7742.jpg,649.9
2383.jpg,529.0
1824.jpg,383.9
4107.jpg,1598.0
4273.jpg,755.0
6239.jpg,599.0
7898.jpg,1149.0
709.jpg,1550.0
4534.jpg,449.0
1178.jpg,249.0
7867.jpg,215.0
7296.jpg,925.0
4404.jpg,795.0
6037.jpg,374.999
6747.jpg,1795.0
5926.jpg,750.0
4316.jpg,675.0
6246.jpg,799.0
491.jpg,435.0
4952.jpg,460.0
5780.jpg,898.0
5816.jpg,895.0
2084.jpg,523.9
465.jpg,350.0
5861.jpg,679.0
4145.jpg,459.9
5659.jpg,889.999
4804.jpg,245.789
2763.jpg,889.0
4528.jpg,845.0
5327.jpg,750.0
4440.jpg,774.0
7825.jpg,1650.99
3069.jpg,695.0
4242.jpg,1599.0
5852.jpg,579.9
6025.jpg,1995.0
1788.jpg,349.777
2932.jpg,359.0
4742.jpg,619.0
6729.jpg,249.0
6829.jpg,810.0
1633.jpg,585.0
2717.jpg,639.9
606.jpg,335.0
3179.jpg,639.99
4399.jpg,739.0
5256.jpg,649.0
6468.jpg,294.9
7120.jpg,240.0
6926.jpg,675.0
1983.jpg,625.0
5310.jpg,245.0
5764.jpg,908.0
133.jpg,555.0
7609.jpg,489.0
3716.jpg,449.99
7085.jpg,489.0
6192.jpg,990.0
4168.jpg,1900.0
6102.jpg,649.9
3022.jpg,1119.9
4576.jpg,647.0
1789.jpg,730.0
1105.jpg,829.0
3361.jpg,508.0
2761.jpg,849.0
3142.jpg,249.0
505.jpg,639.0
4131.jpg,505.0
4000.jpg,635.0
4504.jpg,405.0
485.jpg,249.0
4492.jpg,695.0
3053.jpg,869.0
7786.jpg,785.0
3141.jpg,528.8
5521.jpg,1750.0
4704.jpg,1990.0
6766.jpg,595.0
3641.jpg,415.0
6367.jpg,550.0
6714.jpg,515.0
7161.jpg,825.0
1298.jpg,749.0
4302.jpg,1395.0
5913.jpg,579.0
3756.jpg,1199.0
4094.jpg,739.99
6551.jpg,999.9
5688.jpg,409.0
7523.jpg,670.0
4125.jpg,1575.0
6427.jpg,624.9
7814.jpg,424.9
7372.jpg,660.0
822.jpg,212.0
1745.jpg,219.0
1285.jpg,689.0
1692.jpg,470.0
4006.jpg,998.8
5984.jpg,1184.0
3855.jpg,749.0
4796.jpg,479.0
7213.jpg,749.9
513.jpg,507.5
1560.jpg,559.95
1033.jpg,259.9
4658.jpg,699.0
6558.jpg,533.9
1968.jpg,739.0
7356.jpg,625.0
1779.jpg,1319.0
2505.jpg,825.0
5587.jpg,1097.0
3283.jpg,445.0
6679.jpg,619.0
657.jpg,808.0
2550.jpg,639.999
2989.jpg,789.9
3959.jpg,669.0
7077.jpg,779.0
844.jpg,329.0
5755.jpg,565.0
4285.jpg,212.5
2940.jpg,449.0
7416.jpg,649.0
7086.jpg,799.9
1538.jpg,1249.0
1291.jpg,499.999
1738.jpg,668.788
6808.jpg,359.9
3375.jpg,250.0
4298.jpg,469.999
2740.jpg,899.0
105.jpg,1874.99
425.jpg,1195.0
7874.jpg,314.95
5576.jpg,1698.0
7779.jpg,280.0
428.jpg,775.0
3513.jpg,949.9
2023.jpg,220.0
3213.jpg,395.0
6519.jpg,1498.0
3840.jpg,469.5
7124.jpg,675.0
3238.jpg,295.0
6799.jpg,639.0
5513.jpg,199.5
3832.jpg,1649.0
1603.jpg,699.0
2825.jpg,669.9
6831.jpg,549.5
988.jpg,639.0
3160.jpg,629.9
903.jpg,463.0
798.jpg,247.0
3371.jpg,480.0
634.jpg,599.95
7798.jpg,234.9
5925.jpg,449.0
6596.jpg,625.0
495.jpg,249.0
6392.jpg,310.0
1606.jpg,695.0
2644.jpg,980.0
6879.jpg,389.0
6592.jpg,365.0
5043.jpg,449.91
2451.jpg,336.8
3420.jpg,1699.0
6002.jpg,315.0
2339.jpg,599.995
4681.jpg,659.9
6085.jpg,285.0
3673.jpg,250.0
6739.jpg,665.0
3490.jpg,994.9
2723.jpg,550.0
5797.jpg,995.0
1467.jpg,349.0
5924.jpg,695.0
3128.jpg,311.5
3506.jpg,775.0
7139.jpg,1200.0
7824.jpg,589.999
3307.jpg,675.0
5767.jpg,269.0
6970.jpg,750.0
5687.jpg,267.9
7320.jpg,739.85
1807.jpg,430.0
7280.jpg,940.0
7425.jpg,659.99
3874.jpg,975.0
4113.jpg,499.0
2501.jpg,870.0
5118.jpg,259.0
2851.jpg,286.0
7179.jpg,1649.0
6242.jpg,594.9
6015.jpg,774.9
3844.jpg,430.0
79.jpg,424.9
6569.jpg,954.9
4330.jpg,879.0
2795.jpg,628.0
341.jpg,505.0
3000.jpg,359.9
1374.jpg,215.0
7249.jpg,1099.0
1736.jpg,195.0
4656.jpg,1550.0
3995.jpg,319.99
2349.jpg,700.0
2146.jpg,609.888
3269.jpg,209.0
5142.jpg,449.9
610.jpg,910.0
4402.jpg,439.0
5596.jpg,589.999
7081.jpg,519.0
5591.jpg,694.9
342.jpg,289.0
7402.jpg,519.0
5190.jpg,1050.0
6324.jpg,479.0
4086.jpg,550.0
6293.jpg,385.0
11.jpg,1995.0
3821.jpg,510.0
128.jpg,799.888
2673.jpg,955.0
3321.jpg,995.0
7837.jpg,339.9
3976.jpg,749.9
4391.jpg,900.0
7540.jpg,1599.0
3906.jpg,999.9
6632.jpg,1545.0
6027.jpg,520.0
2259.jpg,599.0
6193.jpg,389.9
911.jpg,1490.0
7780.jpg,999.0
1229.jpg,1550.0
43.jpg,609.0
630.jpg,385.0
7668.jpg,825.0
2947.jpg,549.9
4848.jpg,665.0
6741.jpg,409.0
853.jpg,669.0
5151.jpg,1138.0
7970.jpg,565.0
1630.jpg,1895.0
2983.jpg,349.0
4883.jpg,1630.0
6061.jpg,1050.0
4428.jpg,419.0
7337.jpg,490.0
7830.jpg,809.0
1284.jpg,1850.0
2111.jpg,748.8
1628.jpg,829.0
5305.jpg,220.0
3132.jpg,414.9
1162.jpg,550.0
5721.jpg,879.0
954.jpg,749.999
1947.jpg,499.999
989.jpg,960.0
6594.jpg,444.9
3885.jpg,1795.0
1437.jpg,599.9
412.jpg,379.999
6890.jpg,649.9
158.jpg,534.888
947.jpg,949.0
4594.jpg,899.9
5461.jpg,649.9
188.jpg,515.0
866.jpg,525.0
3788.jpg,1695.0
4646.jpg,569.999
756.jpg,898.0
1912.jpg,939.0
1629.jpg,230.0
1923.jpg,840.0
7621.jpg,395.0
7791.jpg,860.0
2301.jpg,609.0
4180.jpg,949.0
6721.jpg,785.0
3764.jpg,453.0
694.jpg,524.9
3155.jpg,275.0
1713.jpg,214.0
790.jpg,680.0
6288.jpg,289.9
1175.jpg,1799.0
547.jpg,199.5
3924.jpg,949.0
4093.jpg,1099.0
4840.jpg,1649.0
1027.jpg,785.0
2910.jpg,925.0
2149.jpg,629.98
6031.jpg,1395.0
427.jpg,1649.0
501.jpg,260.0
6133.jpg,528.5
3258.jpg,233.0
6337.jpg,249.5
3686.jpg,375.0
5017.jpg,1249.0
4446.jpg,382.0
6447.jpg,302.0
7559.jpg,340.0
6261.jpg,299.0
1323.jpg,998.0
2329.jpg,229.95
5291.jpg,613.0
2411.jpg,1875.0
2299.jpg,529.999
2418.jpg,399.0
4714.jpg,415.0
1237.jpg,1299.99
578.jpg,639.0
305.jpg,599.0
1307.jpg,549.9
5883.jpg,265.0
3945.jpg,529.184
5928.jpg,1895.0
3637.jpg,650.0
2279.jpg,420.0
1544.jpg,825.0
6256.jpg,549.0
3668.jpg,706.9
6405.jpg,650.0
4115.jpg,675.888
2803.jpg,1749.0
2450.jpg,465.0
7961.jpg,1299.888
3271.jpg,459.9
2901.jpg,785.0
397.jpg,1250.0
6314.jpg,895.0
1749.jpg,219.0
4905.jpg,749.0
3266.jpg,975.0
2998.jpg,1039.0
5095.jpg,229.0
5524.jpg,889.0
7385.jpg,589.0
2359.jpg,399.0
955.jpg,1799.0
1539.jpg,445.0
5214.jpg,445.0
7788.jpg,835.0
7182.jpg,450.0
5408.jpg,419.9
2148.jpg,849.9
1171.jpg,278.0
2096.jpg,595.0
812.jpg,625.0
7231.jpg,624.9
7256.jpg,849.0
147.jpg,1800.0
502.jpg,599.0
5101.jpg,426.0
5849.jpg,220.0
5730.jpg,1495.0
4054.jpg,1495.0
3332.jpg,230.0
2618.jpg,809.9
3954.jpg,1249.0
597.jpg,549.0
4951.jpg,535.0
1895.jpg,1758.0
2654.jpg,655.0
2516.jpg,699.0
5399.jpg,299.0
2399.jpg,492.0
5533.jpg,359.0
299.jpg,329.0
7522.jpg,385.0
5560.jpg,441.0
496.jpg,420.0
3601.jpg,575.0
5723.jpg,729.0
1293.jpg,920.0
786.jpg,784.5
5779.jpg,525.0
6848.jpg,699.0
6108.jpg,299.0
4103.jpg,498.99
4813.jpg,575.0
1139.jpg,479.0
4214.jpg,1999.0
6058.jpg,689.0
7383.jpg,949.9
2668.jpg,525.0
3453.jpg,1599.9
4475.jpg,525.0
5351.jpg,639.9
670.jpg,365.0
7986.jpg,1124.9
7348.jpg,1149.0
613.jpg,480.0
2614.jpg,519.995
4555.jpg,456.0
2942.jpg,1423.5
6028.jpg,686.0
6390.jpg,749.9
1970.jpg,777.0
3212.jpg,699.0
5965.jpg,650.0
6505.jpg,367.0
2288.jpg,555.0
7411.jpg,295.0
1433.jpg,649.995
4895.jpg,717.0
4477.jpg,228.0
517.jpg,1354.0
642.jpg,459.0
6138.jpg,385.0
6107.jpg,869.9
6617.jpg,650.0
7638.jpg,749.5
2304.jpg,874.9
2095.jpg,849.0
4361.jpg,850.0
4385.jpg,1168.0
4503.jpg,925.0
1483.jpg,949.9
6723.jpg,665.0
6502.jpg,625.0
5450.jpg,399.9
4350.jpg,1249.0
1695.jpg,1138.0
446.jpg,678.8
7142.jpg,243.0
4333.jpg,539.9
4218.jpg,609.0
1163.jpg,1595.0
4710.jpg,255.0
4004.jpg,439.9
2274.jpg,589.0
7981.jpg,1400.0
3628.jpg,695.0
3148.jpg,429.999
1501.jpg,560.0
4763.jpg,568.8
5421.jpg,959.0
3234.jpg,1135.0
6837.jpg,799.0
4569.jpg,489.101
6119.jpg,340.0
5113.jpg,1499.5
6209.jpg,1775.0
2793.jpg,569.0
4936.jpg,949.0
7360.jpg,390.0
6825.jpg,429.0
1851.jpg,1159.0
1515.jpg,724.9
3317.jpg,1585.0
6051.jpg,895.0
4210.jpg,560.0
4057.jpg,515.0
1280.jpg,548.0
3881.jpg,485.0
5876.jpg,899.0
780.jpg,388.888
7073.jpg,462.5
6372.jpg,1799.0
3481.jpg,260.0
4171.jpg,898.0
7137.jpg,1650.0
3551.jpg,727.0
4654.jpg,785.0
521.jpg,439.9
1766.jpg,325.0
4411.jpg,988.888
6518.jpg,499.9
5458.jpg,679.0
2260.jpg,799.9
5232.jpg,598.0
5628.jpg,255.0
7684.jpg,344.999
7906.jpg,259.9
3096.jpg,668.0
7463.jpg,695.0
2676.jpg,550.0
1469.jpg,319.0
126.jpg,1548.0
7853.jpg,549.0
6204.jpg,1425.0
2561.jpg,547.5
7692.jpg,589.0
1891.jpg,1795.0
2201.jpg,469.0
5676.jpg,429.0
6356.jpg,359.0
5768.jpg,775.0
5829.jpg,1887.0
5621.jpg,1200.0
230.jpg,759.0
7160.jpg,470.0
2373.jpg,765.0
6641.jpg,649.9
6235.jpg,646.0
5705.jpg,798.0
2656.jpg,549.0
3035.jpg,228.0
1536.jpg,639.9
733.jpg,450.0
7542.jpg,995.0
3109.jpg,850.0
5083.jpg,599.999
1482.jpg,475.0
2436.jpg,496.5
3084.jpg,679.0
5129.jpg,535.0
5320.jpg,999.9
3182.jpg,539.9
6834.jpg,550.0
2560.jpg,799.0
7071.jpg,319.9
3759.jpg,469.0
262.jpg,529.0
1792.jpg,535.0
6019.jpg,419.9
2476.jpg,899.0
4485.jpg,649.0
1797.jpg,335.0
6988.jpg,899.0
6137.jpg,1250.0
3343.jpg,849.0
6281.jpg,1825.0
7682.jpg,1789.9
2352.jpg,649.9
7605.jpg,959.9
857.jpg,235.0
6084.jpg,389.0
2334.jpg,799.0
5411.jpg,725.0
3413.jpg,1639.0
1156.jpg,570.0
7350.jpg,1495.0
887.jpg,899.0
5055.jpg,577.0
1508.jpg,379.9
4659.jpg,249.0
894.jpg,899.999
2004.jpg,559.999
1565.jpg,594.9
3827.jpg,425.0
7437.jpg,900.0
4301.jpg,660.0
5496.jpg,375.0
2245.jpg,1875.0
4117.jpg,669.0
4120.jpg,1698.0
1887.jpg,599.999
3282.jpg,453.0
5552.jpg,735.0
7314.jpg,469.999
3677.jpg,695.0
2578.jpg,1679.0
1290.jpg,519.75
775.jpg,645.0
4677.jpg,499.9
3187.jpg,359.0
3779.jpg,1139.999
3556.jpg,199.0
2295.jpg,797.5
3473.jpg,519.9
5272.jpg,259.9
3950.jpg,571.028
3200.jpg,929.0
4532.jpg,685.0
4731.jpg,625.0
6851.jpg,249.0
4297.jpg,747.0
4525.jpg,1175.0
806.jpg,225.0
6415.jpg,1695.0
635.jpg,216.5
4189.jpg,479.9
5318.jpg,775.0
6267.jpg,359.0
3442.jpg,399.9
411.jpg,1995.0
4633.jpg,789.0
1249.jpg,625.0
4567.jpg,589.9
7693.jpg,210.0
6492.jpg,639.5
2919.jpg,399.0
6671.jpg,817.995
2494.jpg,225.0
7758.jpg,627.5
4757.jpg,799.0
1032.jpg,379.9
6824.jpg,1650.0
2798.jpg,355.0
669.jpg,935.0
2269.jpg,790.0
7245.jpg,1899.999
7996.jpg,1680.0
2581.jpg,240.0
148.jpg,968.0
5880.jpg,619.9
1133.jpg,1399.0
1764.jpg,325.0
1329.jpg,245.0
6471.jpg,640.0
6315.jpg,690.0
5835.jpg,698.9
2831.jpg,1299.0
4482.jpg,1155.0
7495.jpg,328.0
5823.jpg,329.9
4715.jpg,1249.0
5961.jpg,575.0
6905.jpg,535.0
2128.jpg,1588.0
6.jpg,819.0
939.jpg,229.9
5032.jpg,969.0
7439.jpg,558.0
5053.jpg,629.0
3892.jpg,369.787
6662.jpg,379.9
7607.jpg,799.0
6375.jpg,299.0
1965.jpg,255.0
6570.jpg,589.0
2400.jpg,1825.0
3562.jpg,599.0
1765.jpg,285.0
884.jpg,350.0
3196.jpg,999.9
6012.jpg,557.0
4053.jpg,949.0
3220.jpg,699.5
1602.jpg,465.0
4593.jpg,1590.0
6487.jpg,629.0
1746.jpg,279.0
3417.jpg,559.0
4196.jpg,1295.0
3653.jpg,1299.0
4932.jpg,649.0
1573.jpg,715.0
448.jpg,489.9
4573.jpg,349.999
7364.jpg,760.0
818.jpg,549.9
7006.jpg,899.0
7532.jpg,240.0
1172.jpg,1425.0
7025.jpg,1150.0
4766.jpg,345.0
7479.jpg,329.9
5182.jpg,370.0
248.jpg,295.0
5425.jpg,299.9
3414.jpg,779.0
1838.jpg,1229.0
3692.jpg,589.9
6344.jpg,979.0
3888.jpg,419.888
7100.jpg,1350.0
2394.jpg,579.5
6887.jpg,550.0
4939.jpg,1380.0
5424.jpg,560.0
3407.jpg,849.9
6498.jpg,499.99
3159.jpg,299.9
3223.jpg,1090.0
303.jpg,920.0
1138.jpg,625.0
6845.jpg,749.9
4455.jpg,1599.999
3094.jpg,1198.0
6181.jpg,1275.0
1791.jpg,499.0
268.jpg,719.0
4488.jpg,899.0
7990.jpg,1275.0
5783.jpg,515.0
2360.jpg,407.9
4706.jpg,379.0
2406.jpg,1798.0
4971.jpg,639.0
4379.jpg,223.0
3720.jpg,1995.0
2957.jpg,499.0
7809.jpg,625.0
2123.jpg,585.0
403.jpg,440.0
6764.jpg,1140.0
3198.jpg,579.0
7243.jpg,529.0
7717.jpg,779.98
1333.jpg,1400.0
2533.jpg,318.0
2327.jpg,725.0
6742.jpg,463.0
7504.jpg,229.5
4244.jpg,769.0
3318.jpg,698.0
6591.jpg,899.0
6629.jpg,699.99
6319.jpg,675.0
2037.jpg,1688.888
2227.jpg,489.0
2861.jpg,299.0
7870.jpg,615.0
4472.jpg,678.0
1720.jpg,309.9
1408.jpg,759.0
5170.jpg,1249.0
3374.jpg,649.999
782.jpg,1699.9
3012.jpg,729.0
4829.jpg,595.0
5069.jpg,226.0
3465.jpg,409.0
3449.jpg,799.0
608.jpg,849.0
6554.jpg,669.0
493.jpg,399.999
5744.jpg,965.0
6861.jpg,619.2
5661.jpg,632.5
2040.jpg,395.0
4319.jpg,689.0
2335.jpg,682.0
7917.jpg,299.0
6364.jpg,465.0
1639.jpg,1595.0
7418.jpg,1699.0
2886.jpg,470.0
5870.jpg,1155.0
3715.jpg,839.0
1350.jpg,659.0
2776.jpg,799.95
714.jpg,1725.0
889.jpg,790.0
264.jpg,405.0
907.jpg,599.9
6369.jpg,640.0
5489.jpg,1148.888
4821.jpg,999.5
6713.jpg,579.9
2093.jpg,210.0
3542.jpg,299.999
7810.jpg,699.0
2771.jpg,515.0
3707.jpg,219.0
451.jpg,359.8
5776.jpg,499.0
3922.jpg,225.0
1942.jpg,1050.0
1984.jpg,499.9
702.jpg,339.99
1487.jpg,799.5
449.jpg,440.0
6907.jpg,734.0
7583.jpg,1499.0
482.jpg,214.9
1635.jpg,229.0
3049.jpg,649.8
6454.jpg,259.0
1084.jpg,749.5
1395.jpg,575.0
1409.jpg,949.0
7501.jpg,279.0
370.jpg,445.0
6875.jpg,855.0
7003.jpg,1195.0
100.jpg,1150.0
7660.jpg,785.0
6980.jpg,939.0
3122.jpg,1650.0
1372.jpg,525.0
3211.jpg,489.9
4421.jpg,1275.0
7459.jpg,549.0
2873.jpg,1149.0
3728.jpg,475.0
4222.jpg,680.0
2042.jpg,769.0
3521.jpg,649.99
6855.jpg,369.0
2730.jpg,664.9
516.jpg,668.9
5733.jpg,399.0
1664.jpg,938.0
4627.jpg,307.0
537.jpg,345.0
4940.jpg,445.0
7651.jpg,399.0
6022.jpg,515.0
3576.jpg,685.0
7123.jpg,399.9
6820.jpg,999.999
1471.jpg,1194.0
3655.jpg,395.0
2916.jpg,549.0
5436.jpg,625.0
3174.jpg,349.25
3659.jpg,457.2
7107.jpg,240.0
6535.jpg,829.0
1507.jpg,579.0
3347.jpg,674.9
92.jpg,846.0
966.jpg,827.0
5117.jpg,680.0
2375.jpg,785.0
5448.jpg,249.9
5340.jpg,929.0
5174.jpg,799.999
6135.jpg,627.5
5945.jpg,499.899
5332.jpg,448.0
1551.jpg,644.0
3429.jpg,1495.0
2135.jpg,1149.0
1288.jpg,199.0
826.jpg,559.0
5337.jpg,649.0
2773.jpg,760.0
2449.jpg,1249.0
3299.jpg,399.0
2629.jpg,259.0
7904.jpg,699.999
6684.jpg,425.0
4953.jpg,775.0
5242.jpg,869.0
672.jpg,690.0
3697.jpg,699.0
2728.jpg,575.0
240.jpg,598.0
7059.jpg,870.0
7863.jpg,585.0
1345.jpg,949.8
7176.jpg,889.0
167.jpg,845.0
4182.jpg,659.99
6757.jpg,649.0
1502.jpg,679.0
7833.jpg,1775.0
7633.jpg,650.0
5771.jpg,425.0
867.jpg,1069.0
2226.jpg,313.49
2970.jpg,520.0
6753.jpg,410.0
7211.jpg,557.315
6748.jpg,595.0
2046.jpg,359.0
2442.jpg,549.0
6241.jpg,199.0
3103.jpg,349.0
1927.jpg,259.9
6789.jpg,469.0
6254.jpg,730.0
4917.jpg,229.9
558.jpg,1750.0
3287.jpg,515.0
1649.jpg,575.0
5373.jpg,1499.0
5729.jpg,1725.0
4098.jpg,880.0
83.jpg,1299.0
55.jpg,989.0
6054.jpg,775.0
2915.jpg,695.0
4489.jpg,349.0
2307.jpg,650.0
1047.jpg,430.0
5125.jpg,1600.0
5099.jpg,675.0
7566.jpg,1650.0
7553.jpg,255.0
5923.jpg,749.5
7146.jpg,429.0
7998.jpg,579.999
153.jpg,1700.0
2315.jpg,269.9
3411.jpg,749.0
1357.jpg,265.0
6296.jpg,1499.0
7711.jpg,599.9
162.jpg,1390.0
2572.jpg,669.0
138.jpg,839.0
5775.jpg,749.0
7067.jpg,650.0
2544.jpg,240.0
5413.jpg,535.5
1421.jpg,624.0
3647.jpg,260.0
12.jpg,429.0
2802.jpg,619.0
5741.jpg,589.0
3135.jpg,679.0
3247.jpg,998.0
4916.jpg,529.9
4688.jpg,1350.0
7659.jpg,759.0
6668.jpg,399.9
3482.jpg,1150.0
2732.jpg,789.0
6340.jpg,669.9
3310.jpg,585.0
4306.jpg,279.9
2415.jpg,750.0
4771.jpg,560.0
6275.jpg,264.99
2363.jpg,649.0
4751.jpg,289.0
6197.jpg,1915.0
2956.jpg,1315.0
3427.jpg,1198.0
7774.jpg,1060.0
215.jpg,769.0
5414.jpg,429.995
1458.jpg,600.0
860.jpg,350.0
6574.jpg,559.9
1883.jpg,585.0
3702.jpg,270.0
4310.jpg,575.0
2721.jpg,299.999
1850.jpg,257.0
3185.jpg,885.0
3796.jpg,530.0
2908.jpg,1004.5
4415.jpg,429.0
2305.jpg,450.0
6188.jpg,790.0
663.jpg,499.9
2231.jpg,1099.0
7203.jpg,1249.0
4356.jpg,490.0
6400.jpg,198.5
5477.jpg,499.99
293.jpg,1350.0
4043.jpg,505.0
6182.jpg,290.0
654.jpg,1800.0
4849.jpg,529.9
4723.jpg,889.0
2839.jpg,459.0
985.jpg,584.0
5301.jpg,249.0
2738.jpg,584.9
70.jpg,320.0
285.jpg,679.9
3828.jpg,679.9
5902.jpg,499.9
3279.jpg,279.9
4827.jpg,344.9
2218.jpg,655.0
545.jpg,1100.0
4811.jpg,379.9
5664.jpg,599.0
2368.jpg,890.0
2636.jpg,479.0
7148.jpg,600.0
2058.jpg,1499.9
6371.jpg,825.0
2632.jpg,975.0
4378.jpg,550.0
5586.jpg,1050.0
6052.jpg,1299.999
3129.jpg,625.0
5096.jpg,339.0
6961.jpg,679.0
6697.jpg,699.0
7663.jpg,799.888
294.jpg,739.0
3045.jpg,369.9
3025.jpg,285.0
7434.jpg,750.0
5887.jpg,690.0
3570.jpg,559.0
6542.jpg,455.0
3073.jpg,746.0
734.jpg,595.0
548.jpg,599.0
2609.jpg,685.0
4483.jpg,389.0
7424.jpg,580.0
4860.jpg,429.0
7755.jpg,749.0
5558.jpg,1895.0
7056.jpg,650.0
5726.jpg,1699.9
4803.jpg,938.0
7113.jpg,619.0
4740.jpg,759.73
2985.jpg,199.0
31.jpg,1095.0
6818.jpg,288.0
5921.jpg,749.0
783.jpg,875.0
1152.jpg,749.9
7807.jpg,1598.0
3605.jpg,218.0
3608.jpg,869.9
3820.jpg,374.0
4832.jpg,1490.0
6403.jpg,965.0
5501.jpg,1475.0
2780.jpg,474.0
4111.jpg,1799.0
1496.jpg,624.95
3013.jpg,707.0
1802.jpg,1149.0
1494.jpg,899.0
2131.jpg,365.0
6179.jpg,399.0
6211.jpg,369.9
1018.jpg,949.0
4844.jpg,730.0
142.jpg,1290.0
2420.jpg,300.0
7869.jpg,195.0
5370.jpg,699.0
5056.jpg,1995.0
1020.jpg,649.9
6121.jpg,569.0
2521.jpg,645.0
6622.jpg,535.0
5503.jpg,569.9
3337.jpg,668.0
3123.jpg,888.0
7665.jpg,475.0
5122.jpg,360.0
1875.jpg,775.0
1316.jpg,340.0
4083.jpg,748.0
1687.jpg,830.0
6993.jpg,1850.0
5063.jpg,620.0
3559.jpg,1075.0
2026.jpg,659.0
1711.jpg,369.0
875.jpg,849.0
2816.jpg,1849.0
4755.jpg,698.0
7674.jpg,299.0
6978.jpg,1199.9
7985.jpg,1199.0
5074.jpg,1099.999
1348.jpg,899.95
6969.jpg,499.0
1211.jpg,259.9
665.jpg,1499.0
106.jpg,695.0
2421.jpg,239.9
4669.jpg,499.0
3679.jpg,605.0
1731.jpg,699.0
1048.jpg,259.9
6716.jpg,979.0
7560.jpg,1500.0
2018.jpg,330.0
7895.jpg,749.0
6082.jpg,675.0
618.jpg,599.8
3566.jpg,480.0
242.jpg,869.0
5333.jpg,543.9
4040.jpg,374.9
7795.jpg,980.0
6232.jpg,599.95
3727.jpg,625.0
3289.jpg,687.0
6806.jpg,664.9
4945.jpg,949.9
668.jpg,1329.0
2663.jpg,629.999
5518.jpg,569.0
924.jpg,425.0
3502.jpg,299.0
6321.jpg,535.0
4435.jpg,749.9
1727.jpg,559.0
191.jpg,721.99
4981.jpg,1830.0
6349.jpg,709.0
3505.jpg,349.0
2864.jpg,799.0
111.jpg,445.0
5869.jpg,225.9
3436.jpg,479.0
7048.jpg,299.0
3173.jpg,479.999
4872.jpg,249.0
6271.jpg,659.0
6830.jpg,525.0
3303.jpg,1449.0
2213.jpg,599.9
7141.jpg,875.0
7856.jpg,525.0
1812.jpg,389.977
2125.jpg,599.0
5478.jpg,605.0
3447.jpg,729.54
7592.jpg,999.0
7510.jpg,889.0
2715.jpg,795.0
362.jpg,869.5
6616.jpg,1188.0
431.jpg,689.9
4234.jpg,229.0
3259.jpg,949.0
7816.jpg,599.0
2047.jpg,1379.0
3890.jpg,1249.0
3966.jpg,639.9
1552.jpg,465.0
3784.jpg,239.999
3794.jpg,549.5
4789.jpg,699.0
3723.jpg,265.0
1894.jpg,349.999
3597.jpg,525.0
6957.jpg,765.0
3489.jpg,649.999
4748.jpg,625.0
1377.jpg,789.636
7263.jpg,719.0
6069.jpg,549.9
4135.jpg,289.0
3480.jpg,299.9
5474.jpg,359.9
3105.jpg,649.9
7118.jpg,699.0
7759.jpg,530.0
3650.jpg,849.9
6882.jpg,610.0
2100.jpg,450.0
1532.jpg,1199.0
3800.jpg,249.0
5252.jpg,729.995
6557.jpg,210.0
4745.jpg,485.0
2646.jpg,1399.0
1522.jpg,579.0
3392.jpg,899.0
1424.jpg,810.0
4879.jpg,449.0
7999.jpg,814.9
2353.jpg,927.0
2395.jpg,460.0
5796.jpg,950.0
5568.jpg,299.8
6680.jpg,1500.0
5295.jpg,608.0
6175.jpg,439.88
799.jpg,358.0
5578.jpg,234.9
1574.jpg,1565.0
4116.jpg,299.0
721.jpg,775.0
6534.jpg,575.0
1412.jpg,250.0
2183.jpg,1100.0
2539.jpg,247.5
4914.jpg,837.5
847.jpg,849.888
7217.jpg,764.9
737.jpg,425.0
6683.jpg,839.996
7370.jpg,529.54
3762.jpg,495.0
3622.jpg,740.0
6223.jpg,1395.0
6549.jpg,539.9
5127.jpg,515.0
6977.jpg,749.5
2393.jpg,425.0
6694.jpg,999.999
690.jpg,1033.0
2447.jpg,1049.0
5512.jpg,359.0
7393.jpg,459.9
5808.jpg,649.0
2532.jpg,729.9
1690.jpg,695.0
6060.jpg,999.0
5509.jpg,819.9
4522.jpg,974.9
4058.jpg,475.0
2492.jpg,455.49
4542.jpg,799.9
4280.jpg,1149.8
3150.jpg,894.95
3987.jpg,800.0
5398.jpg,649.0
1805.jpg,244.9
2907.jpg,668.99
1732.jpg,495.0
2262.jpg,369.8
3102.jpg,429.9
205.jpg,590.0
4370.jpg,490.0
211.jpg,895.0
4980.jpg,435.0
7888.jpg,419.9
1697.jpg,1049.0
1216.jpg,899.9
3986.jpg,655.0
2911.jpg,899.0
2706.jpg,1895.0
880.jpg,1479.9
3565.jpg,714.9
5618.jpg,249.9
7216.jpg,749.999
2786.jpg,1250.0
3804.jpg,1249.0
2943.jpg,360.0
7933.jpg,350.0
7144.jpg,350.0
7270.jpg,629.0
7968.jpg,910.8
615.jpg,229.0
5681.jpg,679.95
7153.jpg,840.0
4735.jpg,209.0
4265.jpg,750.0
322.jpg,735.0
5346.jpg,579.0
4308.jpg,319.9
3376.jpg,809.0
5937.jpg,564.999
1064.jpg,750.0
2756.jpg,699.0
5181.jpg,525.0
4466.jpg,1445.0
6828.jpg,444.709
2820.jpg,775.0
7543.jpg,279.9
5737.jpg,898.8
7286.jpg,665.0
5282.jpg,1150.0
7282.jpg,799.9
3345.jpg,1295.0
4175.jpg,439.0
891.jpg,469.99
6740.jpg,575.0
7584.jpg,975.0
3397.jpg,765.0
660.jpg,595.0
4124.jpg,644.9
244.jpg,469.0
2785.jpg,388.0
210.jpg,1590.0
77.jpg,1550.0
5611.jpg,635.0
6548.jpg,999.0
587.jpg,450.0
726.jpg,599.0
3596.jpg,1849.0
6394.jpg,809.0
3214.jpg,575.0
5520.jpg,747.0
5357.jpg,439.9
7106.jpg,700.0
2456.jpg,599.0
6185.jpg,699.0
4188.jpg,711.9
359.jpg,1500.0
7184.jpg,1938.0
3446.jpg,619.0
850.jpg,365.0
5759.jpg,219.0
7979.jpg,419.8
4099.jpg,763.588
1857.jpg,1174.5
6101.jpg,799.0
2081.jpg,949.9
6501.jpg,949.0
7721.jpg,304.99
2977.jpg,363.9
6605.jpg,1897.28
6795.jpg,350.0
1085.jpg,769.9
7576.jpg,1250.0
731.jpg,885.0
5486.jpg,696.0
4893.jpg,1950.0
5988.jpg,240.0
7183.jpg,588.0
2538.jpg,464.5
488.jpg,609.0
85.jpg,240.0
7768.jpg,599.9
253.jpg,229.0
5672.jpg,405.0
1117.jpg,425.0
2691.jpg,690.0
3701.jpg,995.0
7193.jpg,685.9
1710.jpg,549.999
1698.jpg,209.9
2556.jpg,329.9
4063.jpg,249.0
1153.jpg,495.0
7355.jpg,1799.0
1661.jpg,599.0
3741.jpg,575.0
6363.jpg,819.9
7983.jpg,775.0
6520.jpg,285.0
3763.jpg,1049.0
7725.jpg,1100.0
5950.jpg,499.0
2007.jpg,1850.0
5872.jpg,1049.0
6544.jpg,399.999
3327.jpg,1885.9
4085.jpg,1195.0
4412.jpg,899.0
7946.jpg,598.0
3180.jpg,839.0
1415.jpg,975.0
249.jpg,1229.0
2927.jpg,1500.0
2805.jpg,650.0
3658.jpg,598.0
4793.jpg,715.0
4551.jpg,423.5
2518.jpg,968.9
7502.jpg,973.9
5624.jpg,775.0
2675.jpg,395.0
2455.jpg,249.9
872.jpg,598.0
7689.jpg,875.0
5914.jpg,685.0
2151.jpg,699.0
3847.jpg,289.0
3964.jpg,224.995
6826.jpg,209.9
5649.jpg,469.0
4733.jpg,545.0
3351.jpg,1625.0
5897.jpg,674.999
5319.jpg,570.0
6307.jpg,649.9
1342.jpg,1349.0
2683.jpg,399.0
3612.jpg,1795.0
5316.jpg,779.9
5304.jpg,237.0
3467.jpg,395.0
4225.jpg,799.88
5962.jpg,800.0
3251.jpg,425.0
3039.jpg,539.0
1009.jpg,380.0
2971.jpg,369.999
6512.jpg,769.0
715.jpg,554.9
6132.jpg,609.0
2403.jpg,890.0
7655.jpg,1849.999
5700.jpg,1899.0
5116.jpg,609.0
4461.jpg,579.9
6277.jpg,360.0
861.jpg,699.99
2999.jpg,699.9
2197.jpg,769.9
7573.jpg,679.0
3769.jpg,739.9
3452.jpg,575.0
4002.jpg,399.9
3621.jpg,259.5
6233.jpg,1150.0
5288.jpg,497.5
2751.jpg,1495.0
7440.jpg,527.41
686.jpg,479.0
6497.jpg,1090.0
5263.jpg,1197.0
4729.jpg,429.9
4187.jpg,1399.0
3444.jpg,247.0
6480.jpg,356.9
5039.jpg,1645.0
6221.jpg,565.0
2005.jpg,899.0
6865.jpg,574.0
4809.jpg,899.0
4805.jpg,570.0
2337.jpg,735.0
3323.jpg,325.0
655.jpg,1198.9
5217.jpg,399.0
7293.jpg,304.0
1601.jpg,725.0
6191.jpg,345.0
544.jpg,1549.0
4226.jpg,899.9
5864.jpg,524.9
7379.jpg,249.0
2975.jpg,1350.0
329.jpg,379.999
2038.jpg,449.9
3448.jpg,349.9
323.jpg,1049.0
6585.jpg,325.0
2503.jpg,439.84
6785.jpg,629.0
6839.jpg,259.0
494.jpg,859.9
3588.jpg,685.0
3801.jpg,845.0
7115.jpg,315.0
2585.jpg,1500.0
5774.jpg,305.0
5958.jpg,699.9
1332.jpg,497.0
1201.jpg,799.0
1019.jpg,1750.0
7834.jpg,397.99
6139.jpg,869.0
3704.jpg,357.777
3201.jpg,195.0
6213.jpg,250.0
3830.jpg,339.95
5814.jpg,850.0
5964.jpg,495.0
6161.jpg,719.0
5386.jpg,795.0
4484.jpg,399.9
4719.jpg,289.0
7827.jpg,525.0
7375.jpg,755.0
7338.jpg,485.0
6805.jpg,949.0
1277.jpg,819.0
3475.jpg,1550.0
7920.jpg,780.99
4571.jpg,649.0
6869.jpg,571.485
7859.jpg,465.0
5504.jpg,1349.0
1115.jpg,495.0
2557.jpg,739.9
5648.jpg,565.0
1217.jpg,452.0
3333.jpg,279.0
3558.jpg,589.0
3041.jpg,309.0
1800.jpg,559.9
1207.jpg,889.0
5119.jpg,1549.0
2256.jpg,765.0
923.jpg,1295.0
2348.jpg,949.0
6430.jpg,449.9
2224.jpg,819.898
1203.jpg,283.9
4490.jpg,750.0
601.jpg,524.9
600.jpg,1695.0
1684.jpg,557.8
4930.jpg,560.0
1299.jpg,625.0
3454.jpg,749.9
2454.jpg,1688.0
4300.jpg,895.0
7191.jpg,779.9
6432.jpg,420.0
7544.jpg,244.9
3897.jpg,564.95
121.jpg,1000.0
6689.jpg,399.999
4239.jpg,1349.0
2448.jpg,1150.0
7629.jpg,860.0
4600.jpg,299.0
1993.jpg,795.0
1861.jpg,560.0
1546.jpg,524.9
2351.jpg,769.999
6354.jpg,852.0
5699.jpg,575.0
951.jpg,384.88
347.jpg,369.9
5739.jpg,295.0
7294.jpg,216.0
4795.jpg,1895.0
5355.jpg,316.0
1358.jpg,837.9
5198.jpg,340.0
2824.jpg,780.0
1404.jpg,839.0
2078.jpg,910.0
4635.jpg,950.0
4874.jpg,649.0
5579.jpg,689.0
4501.jpg,599.0
7394.jpg,890.0
4339.jpg,619.0
7080.jpg,200.0
3184.jpg,615.0
5545.jpg,509.9
330.jpg,699.0
2082.jpg,349.75
3899.jpg,800.0
4825.jpg,645.0
2794.jpg,575.0
5271.jpg,725.0
2818.jpg,449.0
1543.jpg,1195.0
546.jpg,479.0
824.jpg,1349.0
7190.jpg,1395.0
5387.jpg,355.0
5742.jpg,560.0
6513.jpg,695.0
1918.jpg,1200.0
7009.jpg,299.9
580.jpg,840.0
1282.jpg,569.99
6302.jpg,815.0
5013.jpg,799.0
4246.jpg,485.0
7678.jpg,455.0
5817.jpg,317.0
6266.jpg,734.0
4251.jpg,239.0
356.jpg,925.0
4558.jpg,625.0
7195.jpg,899.0
3886.jpg,347.0
6048.jpg,540.0
4830.jpg,875.0
7122.jpg,549.0
1000.jpg,699.0
804.jpg,632.9
3740.jpg,868.0
2779.jpg,499.0
3499.jpg,969.0
3738.jpg,209.75
5401.jpg,1065.0
2045.jpg,985.0
4761.jpg,989.0
1247.jpg,480.0
4046.jpg,475.0
5827.jpg,969.0
7642.jpg,619.9
1240.jpg,319.9
7879.jpg,225.0
6775.jpg,425.5
3225.jpg,1749.0
6384.jpg,356.9
3632.jpg,819.0
1449.jpg,725.0
5953.jpg,759.0
2923.jpg,349.0
2905.jpg,379.9
2410.jpg,480.0
3460.jpg,819.0
2255.jpg,750.0
5153.jpg,1299.0
765.jpg,1998.0
1832.jpg,429.9
1213.jpg,719.0
4420.jpg,387.8
7472.jpg,799.0
246.jpg,799.999
6951.jpg,1549.0
4911.jpg,1500.0
6531.jpg,439.0
308.jpg,549.945
3405.jpg,550.0
868.jpg,362.0
5163.jpg,759.0
2868.jpg,239.9
7414.jpg,439.9
7680.jpg,779.999
7838.jpg,985.0
7582.jpg,749.999
6128.jpg,462.0
3534.jpg,239.9
3273.jpg,549.0
4325.jpg,550.0
7049.jpg,434.999
3090.jpg,599.9
3450.jpg,445.0
4540.jpg,330.0
6667.jpg,509.99
2790.jpg,559.0
1343.jpg,850.0
938.jpg,598.0
4272.jpg,375.0
4143.jpg,399.9
6707.jpg,798.0
3272.jpg,975.0
3873.jpg,749.0
4582.jpg,598.0
7433.jpg,504.5
2891.jpg,234.9
4570.jpg,330.0
5856.jpg,495.0
6110.jpg,898.0
2576.jpg,1400.0
4258.jpg,679.0
643.jpg,750.0
7630.jpg,639.0
4579.jpg,1099.0
136.jpg,347.0
1481.jpg,237.0
5160.jpg,1750.0
5089.jpg,472.238
6189.jpg,459.0
7259.jpg,255.0
699.jpg,1750.0
4941.jpg,515.0
1255.jpg,649.999
460.jpg,535.0
2139.jpg,335.0
1220.jpg,1550.0
5980.jpg,799.0
4801.jpg,925.0
4927.jpg,525.0
3672.jpg,948.0
7707.jpg,1369.0
6546.jpg,798.0
6304.jpg,309.9
6167.jpg,515.9
3618.jpg,599.8
1497.jpg,448.8
2318.jpg,338.888
5218.jpg,799.0
7851.jpg,479.0
288.jpg,849.9
3656.jpg,517.0
78.jpg,499.447
6200.jpg,764.9
433.jpg,495.0
4235.jpg,1525.0
3108.jpg,945.0
712.jpg,439.0
1054.jpg,449.999
7343.jpg,779.0
7670.jpg,749.9
1276.jpg,848.0
4851.jpg,684.0
3471.jpg,550.0
2303.jpg,1375.0
3563.jpg,699.9
3526.jpg,399.9
4709.jpg,1100.0
7894.jpg,1050.0
4993.jpg,949.0
3007.jpg,500.0
5209.jpg,675.0
2473.jpg,599.0
6628.jpg,579.0
3824.jpg,775.0
4822.jpg,809.0
4437.jpg,1638.0
2333.jpg,459.0
7525.jpg,799.0
4730.jpg,310.0
6615.jpg,550.0
6420.jpg,209.9
6177.jpg,424.0
2769.jpg,844.0
1654.jpg,999.0
3787.jpg,650.0
232.jpg,499.0
393.jpg,279.0
3585.jpg,1977.0
3081.jpg,525.0
1140.jpg,279.99
4814.jpg,809.0
4754.jpg,393.0
226.jpg,400.0
5090.jpg,579.9
2344.jpg,1874.9
3984.jpg,279.999
2006.jpg,569.0
3153.jpg,505.0
2002.jpg,999.0
1192.jpg,525.0
5629.jpg,1611.45
1949.jpg,611.082
7950.jpg,538.0
4837.jpg,238.9
5038.jpg,317.0
2862.jpg,535.0
573.jpg,395.0
4629.jpg,720.0
7032.jpg,528.0
7571.jpg,415.0
1775.jpg,1898.8
5140.jpg,279.0
6626.jpg,389.9
5996.jpg,485.0
1946.jpg,737.625
5853.jpg,849.9
4854.jpg,748.95
2917.jpg,249.9
5952.jpg,345.0
4024.jpg,565.0
3721.jpg,1599.0
6113.jpg,275.0
4215.jpg,299.0
5639.jpg,1239.0
7143.jpg,264.9
2783.jpg,624.999
930.jpg,799.0
4523.jpg,1415.0
2321.jpg,940.0
504.jpg,549.999
6759.jpg,849.9
6770.jpg,695.0
4990.jpg,439.9
4568.jpg,869.9
2435.jpg,665.0
6650.jpg,215.0
4271.jpg,1349.0
1391.jpg,379.0
3997.jpg,1890.0
3851.jpg,289.0
6079.jpg,659.0
1756.jpg,700.0
1811.jpg,1254.888
3046.jpg,1788.8
914.jpg,555.0
609.jpg,399.0
5939.jpg,555.0
6939.jpg,449.0
3586.jpg,1045.0
5280.jpg,286.0
7063.jpg,735.0
6230.jpg,1645.0
2767.jpg,1759.0
7273.jpg,788.8
4685.jpg,358.9
333.jpg,860.99
7278.jpg,415.0
5636.jpg,749.0
6909.jpg,639.988
1843.jpg,1649.999
3835.jpg,595.0
7603.jpg,799.0
7878.jpg,619.95
4802.jpg,239.5
5329.jpg,1095.0
6612.jpg,728.0
7465.jpg,229.0
5995.jpg,629.45
4355.jpg,1187.0
1906.jpg,249.0
1155.jpg,689.0
6780.jpg,365.0
1167.jpg,899.0
6278.jpg,369.9
7683.jpg,1995.0
2540.jpg,1499.0
876.jpg,209.9
5731.jpg,265.0
1826.jpg,1250.0
7044.jpg,499.0
5457.jpg,457.0
5166.jpg,384.9
6543.jpg,399.7
276.jpg,293.0
7994.jpg,339.9
6575.jpg,975.0
7431.jpg,279.75
4394.jpg,429.0
5220.jpg,1450.0
6408.jpg,669.0
1289.jpg,1039.0
4445.jpg,400.0
3152.jpg,659.9
6906.jpg,629.0
5658.jpg,470.0
1241.jpg,210.0
2745.jpg,539.0
7024.jpg,779.0
6437.jpg,415.0
7099.jpg,385.0
3383.jpg,849.99
6985.jpg,480.0
5451.jpg,837.5
1846.jpg,265.0
6793.jpg,610.0
42.jpg,429.9
6404.jpg,635.0
7937.jpg,1590.0
7860.jpg,699.0
2044.jpg,650.0
3006.jpg,679.0
316.jpg,281.0
440.jpg,734.34
7432.jpg,749.99
2961.jpg,695.0
7794.jpg,570.0
3965.jpg,700.0
7075.jpg,675.0
1495.jpg,540.0
5955.jpg,609.0
6000.jpg,2000.0
6099.jpg,674.0
6774.jpg,797.777
929.jpg,699.9
1820.jpg,775.0
2216.jpg,675.0
524.jpg,619.0
4464.jpg,797.0
7342.jpg,1750.0
483.jpg,989.9
877.jpg,539.9
292.jpg,995.0
2992.jpg,270.0
5805.jpg,1249.0
2498.jpg,650.0
4015.jpg,299.0
6328.jpg,538.88
6050.jpg,960.0
7738.jpg,1120.0
5695.jpg,239.0
948.jpg,639.9
357.jpg,299.9
241.jpg,289.0
2661.jpg,525.0
5269.jpg,988.888
2670.jpg,889.0
4229.jpg,460.0
5206.jpg,779.0
515.jpg,499.0
3974.jpg,314.9
297.jpg,1695.0
7498.jpg,244.99
3620.jpg,799.0
2407.jpg,1600.0
344.jpg,615.0
5105.jpg,615.0
7661.jpg,337.9
5960.jpg,420.0
1256.jpg,825.0
1181.jpg,639.0
1286.jpg,1150.0
4033.jpg,1680.0
234.jpg,625.0
6383.jpg,1599.0
5738.jpg,689.0
705.jpg,549.0
4545.jpg,397.0
1477.jpg,725.0
4318.jpg,1399.0
1761.jpg,269.0
1845.jpg,1597.0
6565.jpg,825.0
828.jpg,629.0
5892.jpg,285.0
5108.jpg,439.888
1523.jpg,332.5
6718.jpg,265.0
4013.jpg,1350.0
656.jpg,424.998
6935.jpg,529.99
2517.jpg,820.0
540.jpg,799.999
4519.jpg,298.0
6910.jpg,219.9
1627.jpg,581.99
7538.jpg,316.9
4776.jpg,979.0
3348.jpg,598.0
2593.jpg,689.9
1370.jpg,295.0
2813.jpg,498.0
772.jpg,232.0
2060.jpg,889.9
2541.jpg,1948.0
4453.jpg,968.888
3685.jpg,715.0
7512.jpg,650.0
7029.jpg,360.0
7662.jpg,669.9
6717.jpg,769.0
1013.jpg,695.0
716.jpg,934.999
4739.jpg,725.0
1982.jpg,1349.0
2115.jpg,796.0
4052.jpg,524.7
1637.jpg,1334.9
7777.jpg,250.0
1430.jpg,599.9
6111.jpg,470.0
7760.jpg,980.0
958.jpg,219.999
2273.jpg,695.0
4498.jpg,649.5
5070.jpg,599.5
7013.jpg,699.9
801.jpg,442.0
6781.jpg,849.0
1271.jpg,649.0
1780.jpg,220.0
4017.jpg,699.0
3230.jpg,599.9
7386.jpg,530.0
7568.jpg,262.9
3161.jpg,979.9
5391.jpg,262.5
6619.jpg,410.0
6699.jpg,699.9
2635.jpg,270.0
4281.jpg,670.0
2162.jpg,649.9
2199.jpg,899.0
2714.jpg,349.0
7423.jpg,305.0
4737.jpg,729.95
4427.jpg,760.0
6599.jpg,780.0
7912.jpg,429.9
5359.jpg,239.0
2246.jpg,265.0
5918.jpg,545.0
1219.jpg,849.0
7534.jpg,1899.999
3319.jpg,1099.0
490.jpg,389.99
6422.jpg,525.0
7169.jpg,1300.0
4530.jpg,360.0
4317.jpg,395.0
1909.jpg,1324.999
886.jpg,675.0
3917.jpg,500.0
6289.jpg,725.0
6435.jpg,249.0
2806.jpg,621.88
118.jpg,899.0
1464.jpg,694.5
5885.jpg,575.2
2787.jpg,324.999
6011.jpg,1065.0
3973.jpg,529.999
3204.jpg,347.8
2160.jpg,479.9
1130.jpg,725.0
4970.jpg,400.0
2622.jpg,725.0
15.jpg,700.0
45.jpg,529.5
5593.jpg,325.0
2892.jpg,328.0
7376.jpg,999.0
3803.jpg,339.0
195.jpg,930.0
6091.jpg,238.9
879.jpg,254.9
2220.jpg,530.0
33.jpg,714.9
1097.jpg,1200.0
4294.jpg,385.0
1121.jpg,959.0
4726.jpg,699.0
1080.jpg,625.0
2331.jpg,599.99
1579.jpg,679.8
1618.jpg,588.9
227.jpg,649.0
2001.jpg,599.9
6841.jpg,629.0
7298.jpg,545.888
3335.jpg,409.9
3536.jpg,395.0
7492.jpg,1399.999
124.jpg,339.9
6062.jpg,1229.9
1363.jpg,650.0
1148.jpg,319.0
3589.jpg,310.0
2229.jpg,779.0
7258.jpg,204.9
2465.jpg,923.0
2895.jpg,665.0
2852.jpg,739.0
7346.jpg,549.9
3956.jpg,636.88
2589.jpg,599.0
4586.jpg,848.888
4987.jpg,325.0
3615.jpg,476.8
6537.jpg,805.0
3363.jpg,363.398
7257.jpg,1200.0
6268.jpg,294.9
5761.jpg,850.0
3250.jpg,780.0
2188.jpg,949.0
3853.jpg,415.0
4233.jpg,369.9
6955.jpg,620.0
6771.jpg,1300.0
5091.jpg,499.0
4223.jpg,249.9
4186.jpg,244.9
4961.jpg,449.0
4869.jpg,1699.0
5149.jpg,1179.0
7489.jpg,699.0
7419.jpg,892.0
6654.jpg,649.0
6196.jpg,245.0
2890.jpg,528.0
1071.jpg,590.0
7149.jpg,639.0
7171.jpg,845.0
1244.jpg,645.0
7391.jpg,799.0
5706.jpg,985.0
2485.jpg,1595.0
4147.jpg,1379.0
2404.jpg,625.0
3243.jpg,454.9
1671.jpg,479.0
5834.jpg,339.9
1948.jpg,899.0
5740.jpg,496.999
1060.jpg,695.0
1165.jpg,279.9
4954.jpg,799.888
4720.jpg,349.0
1226.jpg,1329.0
970.jpg,759.0
6035.jpg,449.0
405.jpg,1100.0
1438.jpg,410.0
1122.jpg,634.9
6636.jpg,275.0
5364.jpg,670.0
1647.jpg,859.9
1061.jpg,537.86
2709.jpg,1095.0
7769.jpg,986.8
1872.jpg,859.0
6096.jpg,875.0
3463.jpg,1300.0
6609.jpg,289.0
2470.jpg,725.0
3808.jpg,339.0
5758.jpg,289.0
5365.jpg,539.9
5388.jpg,371.49
6639.jpg,649.0
4140.jpg,525.0
3403.jpg,1599.0
3494.jpg,1525.0
4868.jpg,399.6
2176.jpg,775.0
4165.jpg,659.9
3210.jpg,488.0
6817.jpg,995.0
6555.jpg,479.0
1534.jpg,599.0
7595.jpg,250.0
5495.jpg,520.0
3848.jpg,899.0
6216.jpg,319.9
7789.jpg,249.9
4320.jpg,1799.999
5416.jpg,617.0
219.jpg,1239.0
3215.jpg,1198.0
5427.jpg,744.7
2504.jpg,1050.0
3461.jpg,995.0
7666.jpg,425.0
4774.jpg,1239.0
3552.jpg,429.0
7578.jpg,899.0
6936.jpg,1489.9
3339.jpg,479.0
6700.jpg,899.9
6433.jpg,1749.0
1650.jpg,729.0
5300.jpg,899.0
1810.jpg,569.9
4450.jpg,730.0
6038.jpg,349.0
5604.jpg,839.99
3841.jpg,775.0
7508.jpg,525.0
7279.jpg,245.0
1853.jpg,1320.0
2208.jpg,560.0
2865.jpg,270.0
3501.jpg,749.9
176.jpg,449.999
7426.jpg,1769.0
1903.jpg,1495.0
7579.jpg,659.999
841.jpg,579.0
187.jpg,899.0
5825.jpg,388.5
4238.jpg,985.0
3373.jpg,943.9
2296.jpg,1899.9
2995.jpg,439.5
4668.jpg,627.379
2571.jpg,1499.0
616.jpg,359.9
5612.jpg,698.0
7753.jpg,355.0
4906.jpg,510.0
3350.jpg,479.0
157.jpg,925.0
3814.jpg,639.5
5110.jpg,1995.0
3070.jpg,595.0
4256.jpg,1010.0
4389.jpg,865.0
2846.jpg,699.0
4672.jpg,775.0
7703.jpg,285.0
7956.jpg,1358.0
6853.jpg,451.99
3368.jpg,449.9
5273.jpg,489.0
1728.jpg,1195.0
1672.jpg,950.0
7797.jpg,354.0
4950.jpg,1069.0
1856.jpg,699.0
6611.jpg,689.5
7365.jpg,975.0
7891.jpg,237.5
6123.jpg,499.9
1570.jpg,1150.0
3030.jpg,769.0
1804.jpg,865.0
2195.jpg,1599.0
965.jpg,685.0
5192.jpg,1745.0
5027.jpg,269.0
6003.jpg,478.0
6676.jpg,569.0
4889.jpg,385.0
7899.jpg,444.0
526.jpg,1299.0
116.jpg,689.998
5798.jpg,215.0
6783.jpg,1448.9
7746.jpg,1259.0
287.jpg,499.9
2569.jpg,749.0
7890.jpg,615.0
2396.jpg,469.0
6045.jpg,1599.0
7831.jpg,799.0
759.jpg,379.9
5086.jpg,264.999
5693.jpg,729.999
1473.jpg,399.0
4664.jpg,599.0
6751.jpg,549.0
2469.jpg,644.9
4510.jpg,1480.0
7885.jpg,935.0
1598.jpg,1179.0
286.jpg,475.0
4336.jpg,1150.0
1561.jpg,649.5
4616.jpg,339.0
3699.jpg,550.0
2016.jpg,599.0
57.jpg,829.9
3125.jpg,1875.0
89.jpg,825.0
1347.jpg,268.0
1995.jpg,489.0
6659.jpg,640.0
4478.jpg,1795.0
4327.jpg,425.0
4996.jpg,565.0
290.jpg,675.0
5690.jpg,1209.0
7101.jpg,479.0
2388.jpg,514.99
7420.jpg,259.9
7226.jpg,859.0
4173.jpg,449.9
373.jpg,224.9
646.jpg,495.0
5014.jpg,1299.9
3876.jpg,688.8
3793.jpg,984.9
7130.jpg,535.0
6215.jpg,899.9
3209.jpg,395.0
14.jpg,998.8
2860.jpg,525.0
995.jpg,1069.0
6915.jpg,589.99
1470.jpg,870.0
2710.jpg,729.9
2103.jpg,378.0
5303.jpg,624.995
1317.jpg,579.0
6556.jpg,279.9
5111.jpg,1150.0
6579.jpg,584.888
7070.jpg,925.0
1049.jpg,675.0
7367.jpg,675.0
414.jpg,529.8
7471.jpg,839.0
4949.jpg,739.9
3744.jpg,929.0
4783.jpg,489.0
6798.jpg,560.0
7793.jpg,404.9
7593.jpg,393.065
7835.jpg,399.0
1529.jpg,1588.9
6913.jpg,1000.0
7806.jpg,505.0
5481.jpg,245.0
7515.jpg,1375.0
5277.jpg,619.0
3593.jpg,1088.0
4132.jpg,514.9
6606.jpg,925.0
4365.jpg,428.9
3031.jpg,579.0
4808.jpg,889.0
7446.jpg,686.0
3894.jpg,799.9
13.jpg,724.999
5284.jpg,525.0
2302.jpg,719.0
5040.jpg,598.0
3493.jpg,375.0
1278.jpg,479.0
2272.jpg,684.842
2689.jpg,979.0
6897.jpg,270.0
5106.jpg,649.9
936.jpg,1649.0
1988.jpg,789.9
7989.jpg,439.0
5867.jpg,1349.9
3955.jpg,1875.0
2883.jpg,699.9
3228.jpg,1849.0
4066.jpg,679.999
6008.jpg,449.0
3511.jpg,229.9
2366.jpg,799.9
7503.jpg,649.9
5244.jpg,663.0
3846.jpg,205.0
1999.jpg,317.5
6089.jpg,889.5
1660.jpg,595.0
1205.jpg,385.1
1302.jpg,479.0
7649.jpg,1150.0
1975.jpg,648.0
1518.jpg,375.0
1210.jpg,935.0
5312.jpg,650.0
5020.jpg,292.0
6118.jpg,1100.0
2797.jpg,284.5
60.jpg,625.0
7984.jpg,615.0
7796.jpg,1895.0
5175.jpg,429.99
4248.jpg,430.0
1093.jpg,825.0
5029.jpg,775.0
5792.jpg,1395.0
463.jpg,450.0
3627.jpg,395.0
3300.jpg,586.0
44.jpg,775.0
3934.jpg,359.0
408.jpg,1975.0
6725.jpg,224.9
1109.jpg,859.0
7045.jpg,699.9
4436.jpg,684.9
6630.jpg,919.0
510.jpg,749.0
6475.jpg,685.0
6660.jpg,625.0
5082.jpg,859.0
4881.jpg,698.0
7380.jpg,369.0
1266.jpg,269.0
2074.jpg,1050.0
3366.jpg,529.0
3386.jpg,1685.0
1128.jpg,709.0
220.jpg,495.0
4203.jpg,410.0
7381.jpg,250.0
4303.jpg,409.0
5068.jpg,481.869
6253.jpg,249.9
7178.jpg,299.9
1500.jpg,879.0
7011.jpg,949.0
7677.jpg,515.0
6105.jpg,395.0
6986.jpg,335.0
703.jpg,599.5
5546.jpg,749.9
1773.jpg,1150.0
6859.jpg,855.0
711.jpg,999.0
6378.jpg,915.0
4387.jpg,755.0
6710.jpg,759.9
2615.jpg,568.888
2446.jpg,1495.0
4518.jpg,359.9
2008.jpg,899.0
661.jpg,299.9
763.jpg,559.9
2147.jpg,280.0
2169.jpg,454.9
6661.jpg,844.487
1917.jpg,1199.999
3221.jpg,998.0
1858.jpg,1095.0
7545.jpg,899.0
991.jpg,725.0
2076.jpg,1300.0
5076.jpg,1249.0
4799.jpg,395.0
1012.jpg,399.0
6693.jpg,1275.0
5686.jpg,1539.99
182.jpg,315.5
1836.jpg,1099.0
1721.jpg,540.0
7283.jpg,360.0
5912.jpg,949.0
1781.jpg,388.95
4559.jpg,325.0
6946.jpg,629.0
4410.jpg,660.0
1636.jpg,620.0
261.jpg,649.8
2192.jpg,294.9
7972.jpg,1399.0
3771.jpg,1180.0
2858.jpg,688.0
6540.jpg,1495.0
6984.jpg,1149.0
5249.jpg,235.0
5990.jpg,515.0
1462.jpg,475.0
4201.jpg,869.0
2966.jpg,949.0
5772.jpg,849.0
3722.jpg,975.0
6474.jpg,739.9
3071.jpg,1400.0
4326.jpg,315.0
4607.jpg,489.9
6738.jpg,707.0
101.jpg,925.0
2711.jpg,595.0
7740.jpg,559.9
4179.jpg,300.0
221.jpg,740.0
5498.jpg,359.0
1796.jpg,883.0
2067.jpg,979.04
4583.jpg,1795.0
3676.jpg,324.9
6424.jpg,848.5
4390.jpg,644.0
3437.jpg,1790.0
363.jpg,1599.0
3491.jpg,539.0
5734.jpg,830.0
6560.jpg,527.51
300.jpg,694.0
2666.jpg,588.888
5287.jpg,839.0
3325.jpg,385.0
1882.jpg,279.0
7094.jpg,749.0
7304.jpg,620.0
184.jpg,999.0
7843.jpg,335.0
3384.jpg,825.0
4948.jpg,569.0
3008.jpg,615.0
4260.jpg,699.9
1349.jpg,750.0
931.jpg,535.0
7205.jpg,585.0
5148.jpg,1460.0
3260.jpg,528.888
2669.jpg,209.0
7690.jpg,1675.0
3476.jpg,1699.0
852.jpg,1050.0
2674.jpg,1249.0
7876.jpg,1049.9
3110.jpg,1380.0
4765.jpg,679.0
2483.jpg,1499.5
984.jpg,399.9
3009.jpg,749.9
437.jpg,929.0
4185.jpg,322.9
1578.jpg,1075.0
6663.jpg,1702.89
6997.jpg,525.0
1435.jpg,684.9
4880.jpg,435.0
3312.jpg,275.0
5028.jpg,250.0
7767.jpg,329.9
1169.jpg,525.0
744.jpg,569.9
4462.jpg,1499.9
1069.jpg,479.0
6134.jpg,950.0
1991.jpg,919.0
5786.jpg,579.0
1475.jpg,789.0
7485.jpg,1150.0
279.jpg,1599.0
518.jpg,619.9
6496.jpg,690.0
3914.jpg,899.8
41.jpg,234.0
687.jpg,1850.0
1429.jpg,295.0
896.jpg,759.9
5313.jpg,640.0
1752.jpg,599.0
815.jpg,535.0
1396.jpg,815.0
5893.jpg,454.9
5549.jpg,525.0
6208.jpg,529.0
5599.jpg,725.0
605.jpg,454.9
5026.jpg,949.9
1961.jpg,235.0
3158.jpg,1258.888
4897.jpg,968.0
4878.jpg,725.0
1704.jpg,880.0
1818.jpg,390.0
7959.jpg,369.0
1485.jpg,340.0
4205.jpg,1249.0
3294.jpg,555.0
7352.jpg,473.0
3972.jpg,278.5
539.jpg,275.0
6801.jpg,1195.0
2137.jpg,341.99
2077.jpg,899.0
6472.jpg,505.0
6706.jpg,299.0
5994.jpg,1719.0
689.jpg,1250.0
350.jpg,1299.0
1823.jpg,449.0
4383.jpg,339.0
1292.jpg,849.999
6130.jpg,492.8
3648.jpg,789.0
6388.jpg,769.0
2843.jpg,525.0
5667.jpg,399.5
2536.jpg,630.0
1465.jpg,244.9
4770.jpg,949.9
317.jpg,910.0
2143.jpg,303.9
5886.jpg,908.0
1663.jpg,220.0
345.jpg,690.0
4468.jpg,435.0
4531.jpg,787.0
4400.jpg,1379.0
2052.jpg,545.0
636.jpg,599.0
6858.jpg,329.9
825.jpg,1498.0
224.jpg,350.0
4347.jpg,739.0
5948.jpg,650.0
5308.jpg,399.0
1966.jpg,359.9
4439.jpg,289.9
5682.jpg,1995.0
1309.jpg,839.0
1679.jpg,245.0
6021.jpg,424.99
1023.jpg,760.0
3011.jpg,285.0
1932.jpg,264.9
2757.jpg,1100.0
3587.jpg,605.5
698.jpg,369.0
2608.jpg,519.888
2424.jpg,839.9
3336.jpg,750.9
3889.jpg,490.0
4705.jpg,999.888
6466.jpg,355.0
2238.jpg,799.5
5943.jpg,799.5
2665.jpg,918.0
2031.jpg,309.9
6833.jpg,340.0
6804.jpg,650.0
865.jpg,1849.0
5397.jpg,255.0
1933.jpg,759.9
6260.jpg,699.999
1852.jpg,629.0
4931.jpg,749.0
881.jpg,295.0
589.jpg,799.9
6903.jpg,375.0
3398.jpg,815.0
1967.jpg,799.0
1555.jpg,1435.0
3048.jpg,564.5
7688.jpg,885.0
4051.jpg,519.9
2704.jpg,550.0
4138.jpg,1580.0
4882.jpg,449.0
5878.jpg,809.0
7436.jpg,1499.0
1110.jpg,325.0
5635.jpg,829.0
4661.jpg,1998.0
1452.jpg,500.0
7358.jpg,695.0
1397.jpg,1200.0
6576.jpg,325.0
6127.jpg,731.9
2854.jpg,699.0
2062.jpg,310.0
4537.jpg,323.0
6451.jpg,990.0
4295.jpg,1223.0
4977.jpg,359.0
7611.jpg,949.0
2809.jpg,379.9
7403.jpg,1650.0
1016.jpg,529.0
5449.jpg,429.9
5615.jpg,930.9
7526.jpg,579.0
2206.jpg,1990.0
5662.jpg,259.0
6547.jpg,580.0
4794.jpg,765.0
6117.jpg,474.9
671.jpg,649.9
7535.jpg,912.0
6276.jpg,1639.0
3274.jpg,325.0
5884.jpg,999.0
7305.jpg,739.0
1324.jpg,1699.0
2265.jpg,460.9
794.jpg,725.0
7125.jpg,439.7
2512.jpg,949.0
6643.jpg,538.5
1819.jpg,1594.998
4721.jpg,444.9
165.jpg,425.0
5556.jpg,259.0
1200.jpg,945.0
5940.jpg,438.0
5299.jpg,199.0
6056.jpg,795.0
7686.jpg,575.0
940.jpg,1829.0
2309.jpg,1089.0
7939.jpg,1499.0
7974.jpg,410.0
6129.jpg,749.0
4602.jpg,285.0
5259.jpg,675.0
3837.jpg,1070.0
5528.jpg,235.0
6553.jpg,1950.0
529.jpg,249.9
1545.jpg,615.0
2750.jpg,749.0
1634.jpg,635.0
1035.jpg,899.9
1057.jpg,479.999
6146.jpg,792.164
4565.jpg,549.9
5747.jpg,1249.0
6450.jpg,678.0
1480.jpg,538.0
1183.jpg,399.9
3023.jpg,949.0
3342.jpg,279.9
1767.jpg,799.9
7303.jpg,455.0
2382.jpg,499.0
3434.jpg,1087.05
5203.jpg,899.0
3607.jpg,565.0
2429.jpg,435.0
1884.jpg,819.0
2270.jpg,1050.0
628.jpg,519.9
3406.jpg,549.9
6131.jpg,359.9
4139.jpg,849.888
4018.jpg,995.0
1959.jpg,585.9
194.jpg,324.9
3953.jpg,219.0
2962.jpg,1029.0
7475.jpg,505.0
5314.jpg,819.0
7527.jpg,719.99
7784.jpg,989.0
4526.jpg,1399.0
6231.jpg,798.0
1227.jpg,1160.0
5911.jpg,200.56
6088.jpg,525.0
5199.jpg,989.9
4264.jpg,499.0
6715.jpg,750.0
7095.jpg,599.888
7896.jpg,869.0
1582.jpg,1679.0
34.jpg,677.0
7781.jpg,312.5
5718.jpg,670.0
4687.jpg,529.9
915.jpg,749.0
7632.jpg,625.0
1873.jpg,949.999
565.jpg,599.995
278.jpg,1300.0
3845.jpg,385.0
4907.jpg,549.0
7200.jpg,429.0
416.jpg,580.0
1550.jpg,1749.0
7641.jpg,765.0
4753.jpg,220.0
7332.jpg,608.0
7165.jpg,1145.0
6100.jpg,490.0
93.jpg,1749.0
368.jpg,635.0
3773.jpg,409.999
1631.jpg,250.0
3765.jpg,359.0
5420.jpg,255.0
2823.jpg,290.9
814.jpg,498.0
7842.jpg,485.0
6464.jpg,659.8
1724.jpg,474.99
6705.jpg,500.0
6419.jpg,1549.0
1432.jpg,925.0
6563.jpg,469.5
1712.jpg,215.0
4722.jpg,494.777
7010.jpg,699.0
6336.jpg,690.0
6562.jpg,739.0
379.jpg,649.888
7116.jpg,1100.0
5216.jpg,1875.0
7180.jpg,675.0
7310.jpg,850.0
266.jpg,259.999
2431.jpg,899.0
2453.jpg,629.0
7043.jpg,259.9
4031.jpg,280.0
3470.jpg,299.999
2625.jpg,680.0
2063.jpg,525.0
2822.jpg,879.0
2545.jpg,749.0
6559.jpg,1479.0
3275.jpg,424.999
6522.jpg,635.0
3842.jpg,1395.0
956.jpg,1350.0
7695.jpg,349.0
6006.jpg,529.9
25.jpg,229.5
2754.jpg,425.0
5085.jpg,374.9
5905.jpg,465.0
497.jpg,419.0
7427.jpg,246.9
7008.jpg,339.0
2510.jpg,365.0
3547.jpg,1549.9
4470.jpg,1499.0
468.jpg,399.0
2922.jpg,780.0
6080.jpg,595.0
5613.jpg,1395.0
3192.jpg,340.0
6782.jpg,895.0
5799.jpg,699.9
3664.jpg,1050.0
6814.jpg,727.3
6976.jpg,499.9
676.jpg,639.9
6870.jpg,219.9
6070.jpg,1829.0
4252.jpg,489.0
653.jpg,519.9
2172.jpg,715.0
3261.jpg,869.95
5679.jpg,439.9
6245.jpg,575.0
2280.jpg,244.9
1089.jpg,439.9
4493.jpg,1189.0
2978.jpg,868.88
4543.jpg,849.0
5782.jpg,315.0
4985.jpg,674.9
6752.jpg,1690.0
7098.jpg,259.9
6346.jpg,515.0
6234.jpg,949.0
2161.jpg,839.0
4639.jpg,624.9
4657.jpg,554.9
5024.jpg,535.8
4743.jpg,699.0
3389.jpg,469.0
994.jpg,959.9
569.jpg,562.991
59.jpg,885.0
7854.jpg,650.0
1806.jpg,650.0
3379.jpg,417.0
2308.jpg,689.5
319.jpg,788.888
3265.jpg,874.9
6152.jpg,490.0
4129.jpg,689.999
1221.jpg,669.999
7340.jpg,260.0
4230.jpg,435.0
5800.jpg,499.9
659.jpg,1888.0
7078.jpg,599.0
4059.jpg,649.99
869.jpg,598.0
4369.jpg,487.0
3753.jpg,649.9
1498.jpg,255.0
6772.jpg,738.8
3315.jpg,350.0
7943.jpg,445.0
7506.jpg,670.0
2781.jpg,600.0
7546.jpg,1025.0
5646.jpg,825.0
927.jpg,1175.0
3524.jpg,750.0
1384.jpg,949.9
6924.jpg,749.0
3095.jpg,690.0
4384.jpg,785.0
6849.jpg,649.0
2243.jpg,799.9
175.jpg,575.0
2671.jpg,450.0
3865.jpg,639.0
2808.jpg,799.0
4505.jpg,1350.0
6009.jpg,1670.0
1989.jpg,449.0
5502.jpg,328.8
7464.jpg,840.0
1655.jpg,239.0
1297.jpg,899.0
376.jpg,734.0
3619.jpg,529.9
536.jpg,354.0
7185.jpg,975.0
4148.jpg,250.0
1040.jpg,289.9
5428.jpg,618.888
7624.jpg,459.0
6279.jpg,223.8
3281.jpg,355.0
6941.jpg,465.0
5227.jpg,965.9
7902.jpg,779.9
779.jpg,480.0
2515.jpg,437.0
4270.jpg,649.0
4150.jpg,745.0
7250.jpg,419.0
2551.jpg,649.999
19.jpg,639.9
7722.jpg,988.0
1306.jpg,675.0
4110.jpg,485.0
7368.jpg,270.0
5702.jpg,235.0
6481.jpg,955.0
7839.jpg,550.0
410.jpg,799.9
4650.jpg,1990.0
6550.jpg,949.0
4022.jpg,1548.0
3047.jpg,1835.0
7556.jpg,369.9
5223.jpg,760.0
6524.jpg,1190.0
7175.jpg,450.0
979.jpg,245.0
3435.jpg,1799.0
7643.jpg,869.0
4549.jpg,599.0
2982.jpg,898.0
5003.jpg,759.5
4396.jpg,929.0
3188.jpg,1000.0
5538.jpg,1080.0
2157.jpg,555.0
1972.jpg,419.0
1611.jpg,689.999
3761.jpg,899.0
7499.jpg,439.0
2564.jpg,860.0
5047.jpg,899.0
559.jpg,999.999
1326.jpg,259.999
6495.jpg,589.0
729.jpg,1218.888
7919.jpg,980.0
7069.jpg,849.999
7801.jpg,269.9
6359.jpg,799.0
151.jpg,879.0
5743.jpg,699.999
5045.jpg,665.0
928.jpg,539.95
4414.jpg,274.99
590.jpg,1095.0
1889.jpg,1175.0
1750.jpg,619.9
627.jpg,515.0
7562.jpg,499.0
1790.jpg,669.999
68.jpg,567.5
2190.jpg,1375.0
2479.jpg,485.0
4923.jpg,759.999
2692.jpg,495.0
1489.jpg,779.0
2506.jpg,259.999
3064.jpg,659.0
3743.jpg,755.0
4092.jpg,279.0
7121.jpg,515.0
5433.jpg,550.0
973.jpg,1125.0
4121.jpg,785.0
5564.jpg,769.0
6857.jpg,740.0
4910.jpg,929.0
5471.jpg,1350.0
4337.jpg,499.0
7033.jpg,195.0
257.jpg,959.9
5081.jpg,589.0
4288.jpg,420.0
7644.jpg,580.0
86.jpg,365.0
4237.jpg,975.0
7969.jpg,668.0
2765.jpg,1498.0
6688.jpg,799.999
5873.jpg,1600.0
4959.jpg,445.0
477.jpg,679.0
2819.jpg,629.9
2239.jpg,380.0
6499.jpg,655.9
6352.jpg,759.0
4262.jpg,1249.0
2244.jpg,453.0
7704.jpg,224.99
4978.jpg,599.999
7104.jpg,749.888
7129.jpg,735.0
4696.jpg,279.0
7549.jpg,245.0
6345.jpg,899.0
7174.jpg,535.0
260.jpg,529.0
552.jpg,870.0
4364.jpg,939.9
1340.jpg,475.0
7955.jpg,549.0
2203.jpg,799.0
7199.jpg,289.9
6087.jpg,859.0
5982.jpg,489.0
3421.jpg,279.0
4728.jpg,209.99
332.jpg,550.0
4157.jpg,760.0
6068.jpg,499.9
365.jpg,450.0
4123.jpg,599.99
3528.jpg,600.0
1486.jpg,749.9
1803.jpg,610.0
4636.jpg,659.99
5610.jpg,524.99
1453.jpg,698.88
5506.jpg,629.9
6112.jpg,815.0
337.jpg,625.0
6708.jpg,838.0
4647.jpg,349.0
7196.jpg,840.0
5044.jpg,1200.0
1774.jpg,389.0
371.jpg,624.9
3029.jpg,760.0
6126.jpg,495.0
1460.jpg,929.0
4652.jpg,559.9
821.jpg,529.0
4527.jpg,834.0
5178.jpg,459.999
1567.jpg,209.999
981.jpg,460.0
5311.jpg,455.0
543.jpg,491.99
5637.jpg,370.0
1116.jpg,760.0
5933.jpg,849.0
7770.jpg,799.0
4344.jpg,835.0
5791.jpg,410.0
3297.jpg,419.0
4693.jpg,1695.0
17.jpg,479.0
2716.jpg,339.0
842.jpg,399.0
1759.jpg,675.0
3961.jpg,1649.9
1596.jpg,750.0
3517.jpg,960.0
3652.jpg,799.0
7762.jpg,1049.0
1135.jpg,449.9
4960.jpg,668.0
7550.jpg,1089.0
6300.jpg,664.0
2105.jpg,255.9
2314.jpg,959.0
1958.jpg,827.0
695.jpg,593.0
4206.jpg,1995.0
1319.jpg,245.0
6391.jpg,740.0
6030.jpg,1799.0
1725.jpg,1600.0
7030.jpg,620.0
5136.jpg,749.0
6380.jpg,319.9
2294.jpg,1699.0
6934.jpg,599.99
4430.jpg,629.9
1376.jpg,465.8
5294.jpg,990.0
3996.jpg,499.0
4128.jpg,759.9
7610.jpg,799.95
492.jpg,360.0
4662.jpg,1150.0
874.jpg,393.0
7861.jpg,535.0
2185.jpg,1749.99
1662.jpg,649.999
5030.jpg,779.9
7744.jpg,1495.0
3577.jpg,219.9
2120.jpg,560.0
4819.jpg,1394.0
5793.jpg,425.0
963.jpg,219.0
7600.jpg,257.9
1287.jpg,535.0
4877.jpg,479.0
639.jpg,585.0
5268.jpg,1699.0
934.jpg,1095.0
4806.jpg,749.0
562.jpg,539.999
6455.jpg,1695.0
7023.jpg,325.0
943.jpg,239.9
2954.jpg,1625.0
4289.jpg,689.9
2887.jpg,1299.0
1228.jpg,450.0
1922.jpg,958.888
2460.jpg,849.0
6614.jpg,879.0
728.jpg,989.9
3445.jpg,939.0
581.jpg,1699.0
1828.jpg,379.9
5189.jpg,259.0
7363.jpg,645.0
7050.jpg,580.0
5843.jpg,600.0
4208.jpg,543.0
832.jpg,950.0
732.jpg,1399.9
4095.jpg,948.0
6295.jpg,1750.0
7761.jpg,949.0
5246.jpg,950.0
5644.jpg,529.9
4833.jpg,620.0
5944.jpg,659.9
6265.jpg,695.0
214.jpg,304.9
3614.jpg,488.8
1375.jpg,489.0
2212.jpg,695.9
5716.jpg,1775.0
396.jpg,724.9
1036.jpg,385.0
3736.jpg,969.5
1955.jpg,1569.0
250.jpg,619.9
4499.jpg,550.0
4474.jpg,509.0
6397.jpg,599.0
7539.jpg,289.2
5529.jpg,285.0
7819.jpg,539.0
7826.jpg,299.0
7594.jpg,385.0
216.jpg,1184.888
7162.jpg,719.0
5400.jpg,545.0
2346.jpg,625.0
6224.jpg,574.9
5098.jpg,1100.0
6090.jpg,809.999
5444.jpg,433.0
5447.jpg,1759.0
3056.jpg,689.9
7415.jpg,273.95
5654.jpg,1649.999
1624.jpg,799.9
7357.jpg,339.8
3293.jpg,260.0
952.jpg,995.0
2330.jpg,685.0
2743.jpg,825.0
3635.jpg,824.5
5745.jpg,255.0
7558.jpg,725.0
5276.jpg,945.0
7241.jpg,630.0
4866.jpg,865.0
6311.jpg,475.0
152.jpg,395.0
745.jpg,450.0
1082.jpg,449.0
1250.jpg,369.9
3014.jpg,199.9
6944.jpg,469.9
5224.jpg,219.9
3583.jpg,680.0
1592.jpg,700.0
2553.jpg,760.0
3877.jpg,699.0
662.jpg,964.5
6195.jpg,845.0
1741.jpg,614.9
6584.jpg,565.0
575.jpg,256.0
6754.jpg,619.0
6263.jpg,250.0
6674.jpg,619.0
5657.jpg,659.0
2171.jpg,384.8
6932.jpg,430.0
1021.jpg,285.0
5678.jpg,899.0
470.jpg,515.0
4106.jpg,199.0
1885.jpg,559.0
725.jpg,270.0
171.jpg,769.0
4231.jpg,235.0
5236.jpg,549.9
4764.jpg,349.0
2931.jpg,768.0
2603.jpg,999.0
4547.jpg,1577.0
432.jpg,1878.0
7992.jpg,725.0
2900.jpg,1199.995
2815.jpg,1752.0
3772.jpg,499.5
2703.jpg,1488.0
1411.jpg,649.999
5522.jpg,889.0
4566.jpg,379.0
1587.jpg,899.0
2530.jpg,749.9
7872.jpg,221.0
2867.jpg,199.9
5087.jpg,485.0
6954.jpg,470.0
2630.jpg,574.9
3553.jpg,485.0
4096.jpg,714.5
7551.jpg,325.0
1194.jpg,885.0
6332.jpg,399.99
499.jpg,825.0
1837.jpg,209.0
1242.jpg,479.0
429.jpg,739.0
334.jpg,895.0
7864.jpg,749.0
5064.jpg,674.999
154.jpg,899.999
314.jpg,699.999
4055.jpg,345.0
3349.jpg,625.0
5717.jpg,639.0
5409.jpg,949.0
6243.jpg,789.0
3936.jpg,325.0
7421.jpg,229.999
3479.jpg,1319.0
2236.jpg,420.0
6285.jpg,629.0
7384.jpg,249.999
5765.jpg,199.9
7409.jpg,450.0
1646.jpg,499.0
4118.jpg,289.0
6720.jpg,739.0
2130.jpg,487.845
3057.jpg,405.0
129.jpg,669.9
1934.jpg,1249.0
5382.jpg,295.0
3898.jpg,998.0
7277.jpg,932.8
1127.jpg,595.0
1088.jpg,525.0
52.jpg,267.0
447.jpg,550.0
2158.jpg,1188.0
1581.jpg,1200.0
7736.jpg,750.0
7112.jpg,945.0
2648.jpg,575.0
4426.jpg,349.29
4469.jpg,599.0
222.jpg,459.0
2827.jpg,775.0
3456.jpg,715.0
1569.jpg,488.0
4671.jpg,1499.0
5065.jpg,654.548
6122.jpg,475.0
5854.jpg,395.0
2257.jpg,539.7
4104.jpg,1500.0
386.jpg,499.0
6206.jpg,464.0
3422.jpg,242.0
2513.jpg,1989.0
7108.jpg,900.0
7136.jpg,284.99
7893.jpg,429.0
4762.jpg,929.0
5267.jpg,585.0
4377.jpg,520.0
5165.jpg,649.9
594.jpg,850.0
6802.jpg,668.7
435.jpg,1099.0
3732.jpg,859.9
3688.jpg,995.0
3412.jpg,1014.9
1568.jpg,549.0
4965.jpg,600.0
5514.jpg,479.9
3823.jpg,385.0
1744.jpg,595.0
2770.jpg,1749.0
5392.jpg,599.0
7047.jpg,550.0
6116.jpg,534.999
3229.jpg,345.0
381.jpg,825.0
144.jpg,769.9
4792.jpg,474.999
110.jpg,1139.0
987.jpg,289.999
1373.jpg,575.4
5362.jpg,739.0
5200.jpg,626.929
2385.jpg,915.0
7428.jpg,322.5
4577.jpg,1675.0
4692.jpg,570.0
7626.jpg,359.9
4768.jpg,760.0
6301.jpg,310.0
1243.jpg,624.0
4021.jpg,599.0
2607.jpg,829.8
5344.jpg,549.0
5493.jpg,850.0
5766.jpg,250.0
7474.jpg,524.9
430.jpg,225.0
1118.jpg,499.0
6269.jpg,475.0
7336.jpg,1089.0
7369.jpg,195.0
7189.jpg,779.0
1232.jpg,645.0
6205.jpg,539.0
5865.jpg,749.888
2701.jpg,522.0
2842.jpg,330.0
302.jpg,350.0
593.jpg,1825.0
1530.jpg,785.0
6640.jpg,425.0
7396.jpg,499.0
1078.jpg,629.825
1251.jpg,630.0
7708.jpg,579.9
6598.jpg,610.0
5154.jpg,440.0
5207.jpg,435.0
1296.jpg,875.0
5754.jpg,569.0
203.jpg,424.999
3915.jpg,429.0
2650.jpg,675.0
6047.jpg,749.0
2612.jpg,1100.0
1794.jpg,427.5
6588.jpg,379.0
6917.jpg,649.0
2835.jpg,225.0
23.jpg,773.9
3341.jpg,997.0
5543.jpg,385.0
4293.jpg,401.096
409.jpg,499.0
5270.jpg,529.999
5848.jpg,1095.0
3843.jpg,849.0
3093.jpg,762.484
7883.jpg,460.0
986.jpg,599.0
18.jpg,658.8
3993.jpg,549.0
1164.jpg,360.0
735.jpg,599.9
7354.jpg,1149.0
6532.jpg,499.9
1879.jpg,919.0
4079.jpg,629.0
4012.jpg,376.0
5651.jpg,560.0
474.jpg,805.0
2918.jpg,1049.0
6503.jpg,618.0
640.jpg,1099.0
1841.jpg,489.9
4240.jpg,1195.0
7817.jpg,899.9
5058.jpg,1550.0
4788.jpg,234.9
2350.jpg,949.0
1681.jpg,675.0
7212.jpg,315.0
1239.jpg,674.999
4089.jpg,295.0
7055.jpg,379.9
5338.jpg,689.0
4465.jpg,445.0
4019.jpg,350.0
6225.jpg,1639.0
1101.jpg,869.0
1479.jpg,515.0
1575.jpg,338.0
2247.jpg,699.999
2376.jpg,849.999
5650.jpg,299.0
247.jpg,869.0
4195.jpg,889.0
1619.jpg,254.0
3791.jpg,1299.0
5377.jpg,1999.999
2475.jpg,269.9
4348.jpg,749.0
7155.jpg,549.9
6144.jpg,825.0
7916.jpg,369.999
2502.jpg,625.0
6055.jpg,495.0
999.jpg,379.9
3248.jpg,529.0
2563.jpg,699.999
3154.jpg,470.0
3126.jpg,975.0
3739.jpg,785.0
840.jpg,324.9
7699.jpg,230.0
6878.jpg,449.9
7647.jpg,729.0
3367.jpg,1795.0
1902.jpg,324.9
3742.jpg,799.999
4158.jpg,520.0
2587.jpg,995.9
7648.jpg,845.0
3404.jpg,499.999
1860.jpg,695.0
2525.jpg,440.0
1145.jpg,766.5
3625.jpg,474.888
3296.jpg,975.0
6176.jpg,349.9
2684.jpg,369.0
3302.jpg,269.9
4890.jpg,399.9
1440.jpg,335.9
5652.jpg,399.0
7804.jpg,1199.0
3284.jpg,420.0
4366.jpg,352.5
1367.jpg,683.9
252.jpg,539.0
2499.jpg,545.0
2573.jpg,1499.0
3527.jpg,588.0
1410.jpg,480.0
5455.jpg,525.0
4673.jpg,784.999
366.jpg,834.9
6115.jpg,1100.0
2087.jpg,845.0
5002.jpg,1575.0
2127.jpg,429.9
2582.jpg,475.0
4663.jpg,1450.0
7735.jpg,729.99
1258.jpg,395.0
3086.jpg,2000.0
6064.jpg,778.9
937.jpg,464.9
7016.jpg,725.0
1866.jpg,895.0
7341.jpg,449.0
2136.jpg,975.0
6421.jpg,1350.0
358.jpg,899.0
6755.jpg,245.0
6744.jpg,635.0
7400.jpg,340.0
5326.jpg,990.0
4982.jpg,1196.0
2878.jpg,1499.0
1589.jpg,1025.0
484.jpg,325.0
5630.jpg,1050.0
2542.jpg,1595.0
905.jpg,722.0
5634.jpg,1548.0
6731.jpg,400.0
7887.jpg,810.0
2724.jpg,1497.0
4199.jpg,749.0
1962.jpg,279.9
134.jpg,429.9
4630.jpg,759.9
3651.jpg,270.0
2599.jpg,419.9
753.jpg,625.0
1564.jpg,625.0
1593.jpg,650.0
7745.jpg,364.9
7261.jpg,619.0
1381.jpg,539.0
4441.jpg,199.0
5059.jpg,669.0
6539.jpg,285.0
7127.jpg,575.0
7374.jpg,795.0
146.jpg,749.0
2488.jpg,569.0
4533.jpg,700.0
2340.jpg,599.0
3678.jpg,499.0
6711.jpg,249.0
5617.jpg,436.085
5908.jpg,1625.0
5573.jpg,539.9
7718.jpg,1649.0
3911.jpg,980.0
6568.jpg,599.0
4442.jpg,570.0
7068.jpg,1990.0
2219.jpg,749.0
691.jpg,779.9
563.jpg,235.0
3938.jpg,749.0
3365.jpg,995.0
3483.jpg,1649.0
7297.jpg,555.888
7163.jpg,1079.0
5143.jpg,406.5
5041.jpg,370.0
4338.jpg,899.9
4640.jpg,1400.0
1004.jpg,995.0
5328.jpg,735.9
4432.jpg,343.0
3949.jpg,719.0
7317.jpg,275.0
7800.jpg,1050.0
1971.jpg,545.0
3879.jpg,639.0
5094.jpg,1395.0
1359.jpg,565.0
5007.jpg,549.0
2729.jpg,925.0
6331.jpg,299.999
1644.jpg,330.0
7074.jpg,379.0
185.jpg,649.9
208.jpg,445.0
7444.jpg,530.0
681.jpg,1750.0
4192.jpg,399.0
6895.jpg,589.0
6484.jpg,339.999
3912.jpg,515.0
7991.jpg,974.9
2720.jpg,788.0
5164.jpg,799.0
5837.jpg,1098.0
5171.jpg,699.0
3157.jpg,699.0
2091.jpg,724.9
6827.jpg,949.9
5361.jpg,825.0
3766.jpg,455.0
7640.jpg,439.0
3362.jpg,240.9
3305.jpg,259.9
6183.jpg,513.392
6621.jpg,729.0
1186.jpg,484.9
4847.jpg,875.0
4424.jpg,279.9
990.jpg,1980.0
4708.jpg,1199.0
7635.jpg,670.0
3143.jpg,294.888
1527.jpg,469.9
6631.jpg,515.0
4431.jpg,495.0
1896.jpg,550.0
4247.jpg,1885.0
5497.jpg,899.0
7347.jpg,639.9
3940.jpg,400.0
2493.jpg,369.9
1026.jpg,634.9
7218.jpg,499.0
7685.jpg,995.0
1246.jpg,214.998
2688.jpg,1899.0
7041.jpg,599.9
196.jpg,1745.0
514.jpg,699.0
4934.jpg,801.0
6891.jpg,915.0
2080.jpg,349.9
3852.jpg,539.0
1870.jpg,225.0
4797.jpg,638.0
3190.jpg,599.0
5851.jpg,1998.0
7787.jpg,524.9
5251.jpg,277.0
7728.jpg,1888.0
3032.jpg,230.0
2948.jpg,599.95
280.jpg,439.0
5807.jpg,249.0
1659.jpg,235.0
6590.jpg,839.9
2217.jpg,599.0
2292.jpg,819.0
6467.jpg,895.0
6724.jpg,269.5
3147.jpg,685.0
7765.jpg,245.0
5719.jpg,379.9
1461.jpg,1150.0
1772.jpg,699.0
3424.jpg,699.999
7229.jpg,585.0
6760.jpg,339.0
7514.jpg,360.0
6896.jpg,745.0
3645.jpg,749.0
5383.jpg,349.99
74.jpg,250.0
193.jpg,1488.0
5230.jpg,402.397
3948.jpg,254.988
5770.jpg,463.875
6350.jpg,749.9
7017.jpg,489.0
926.jpg,645.489
5992.jpg,1149.95
6125.jpg,445.0
480.jpg,1495.0
1520.jpg,695.0
3571.jpg,389.0
5753.jpg,659.0
4921.jpg,364.9
177.jpg,699.0
5019.jpg,1595.0
5418.jpg,875.0
274.jpg,1650.0
1474.jpg,667.0
7975.jpg,654.99
3831.jpg,460.0
1910.jpg,314.9
6249.jpg,899.0
7456.jpg,735.0
5245.jpg,548.0
2574.jpg,269.0
4513.jpg,385.0
3497.jpg,835.888
5046.jpg,650.0
5891.jpg,650.0
7519.jpg,849.9
534.jpg,789.99
4373.jpg,423.0
2857.jpg,1325.0
7323.jpg,397.5
3642.jpg,764.0
7925.jpg,204.0
1771.jpg,589.0
6965.jpg,695.0
1001.jpg,780.0
5685.jpg,798.0
758.jpg,438.0
3883.jpg,668.0
4087.jpg,669.0
6566.jpg,455.0
680.jpg,939.0
5443.jpg,289.99
7733.jpg,1595.0
284.jpg,780.0
622.jpg,750.0
6996.jpg,699.0
4254.jpg,453.0
180.jpg,979.5
3752.jpg,975.0
6810.jpg,410.0
4403.jpg,849.777
6881.jpg,415.0
1094.jpg,319.9
7845.jpg,645.0
897.jpg,1680.0
2196.jpg,244.9
6930.jpg,400.802
2250.jpg,369.963
6046.jpg,275.0
4200.jpg,897.9
2055.jpg,450.0
7625.jpg,390.0
7449.jpg,1389.5
6418.jpg,440.0
5804.jpg,585.0
1648.jpg,929.9
7429.jpg,710.0
607.jpg,645.0
3026.jpg,599.0
5815.jpg,255.0
7751.jpg,535.0
3869.jpg,915.0
2248.jpg,439.995
7248.jpg,699.9
4149.jpg,748.0
667.jpg,690.0
4073.jpg,1149.89
4521.jpg,729.0
5132.jpg,649.999
770.jpg,1350.0
3088.jpg,245.0
4750.jpg,649.999
3751.jpg,490.0
2894.jpg,338.8
2667.jpg,606.888
245.jpg,1875.0
5442.jpg,451.38
1737.jpg,479.9
4845.jpg,229.9
1612.jpg,1095.0
4309.jpg,385.0
5438.jpg,925.0
746.jpg,847.0
1556.jpg,674.9
913.jpg,449.0
7637.jpg,1995.0
1132.jpg,735.0
5298.jpg,1095.0
5614.jpg,1138.0
2264.jpg,1695.0
3726.jpg,329.0
6308.jpg,735.0
1264.jpg,625.0
1407.jpg,258.0
1335.jpg,842.9
5550.jpg,439.0
7057.jpg,619.0
5334.jpg,1699.0
5890.jpg,412.5
1111.jpg,1999.0
685.jpg,389.0
7251.jpg,220.0
2991.jpg,419.0
3067.jpg,1950.0
6142.jpg,285.0
1730.jpg,995.092
38.jpg,1595.0
1083.jpg,650.0
7676.jpg,939.0
304.jpg,299.0
2606.jpg,949.0
7313.jpg,669.9
4561.jpg,1400.0
6506.jpg,269.9
837.jpg,675.0
7079.jpg,324.9
2222.jpg,274.999
7529.jpg,899.0
2428.jpg,470.0
4155.jpg,649.9
7334.jpg,299.999
1303.jpg,1599.0
4142.jpg,230.0
387.jpg,595.0
1739.jpg,749.0
7763.jpg,229.9
863.jpg,360.0
5638.jpg,239.9
4027.jpg,1400.0
7173.jpg,699.9
3082.jpg,453.0
3826.jpg,505.0
2119.jpg,895.0
1184.jpg,714.9
7192.jpg,799.999
550.jpg,569.0
6334.jpg,708.888
6788.jpg,342.9
6778.jpg,525.0
6297.jpg,899.9
2284.jpg,1234.0
964.jpg,629.0
6762.jpg,439.0
1070.jpg,750.0
7207.jpg,840.0
6016.jpg,997.7
6440.jpg,739.9
1783.jpg,699.9
7724.jpg,349.0
172.jpg,335.0
4266.jpg,949.0
5234.jpg,899.0
2358.jpg,387.5
738.jpg,679.99
5750.jpg,229.9
5795.jpg,424.9
595.jpg,710.0
572.jpg,369.9
5916.jpg,629.9
7536.jpg,430.0
2680.jpg,579.9
1952.jpg,650.0
1072.jpg,864.999
1940.jpg,1995.0
7567.jpg,645.0
3958.jpg,325.0
1584.jpg,256.9
2165.jpg,215.0
4160.jpg,339.999
3068.jpg,1499.0
3267.jpg,1350.0
4181.jpg,749.9
7723.jpg,525.0
282.jpg,1395.0
4044.jpg,745.0
5523.jpg,519.99
2938.jpg,255.0
3396.jpg,1095.0
2889.jpg,969.0
7329.jpg,990.0
500.jpg,509.5
1930.jpg,530.0
7237.jpg,249.9
1254.jpg,440.0
7435.jpg,439.0
4456.jpg,1997.0
1268.jpg,300.0
1325.jpg,650.0
4637.jpg,599.999
2872.jpg,1498.0
2936.jpg,834.9
7392.jpg,689.999
6604.jpg,1250.0
473.jpg,1750.0
6166.jpg,425.0
1106.jpg,720.0
1392.jpg,740.0
4777.jpg,359.9
603.jpg,199.0
1079.jpg,1525.0
7616.jpg,255.0
4964.jpg,975.0
1455.jpg,786.87
3292.jpg,729.0
5.jpg,1799.0
2129.jpg,250.0
7451.jpg,1900.0
882.jpg,285.0
4028.jpg,484.5
4967.jpg,459.9
4213.jpg,455.0
553.jpg,939.0
7739.jpg,285.0
443.jpg,468.0
5307.jpg,949.0
6264.jpg,341.0
7481.jpg,775.0
1944.jpg,724.0
7397.jpg,625.0
5139.jpg,949.0
7325.jpg,535.9
7988.jpg,497.0
4322.jpg,799.0
6399.jpg,815.0
7442.jpg,375.0
1344.jpg,1365.0
479.jpg,1439.0
3425.jpg,269.9
5435.jpg,768.0
870.jpg,336.99
1514.jpg,1650.0
2180.jpg,859.0
2699.jpg,235.0
4589.jpg,699.0
4638.jpg,650.0
2079.jpg,925.0
588.jpg,349.9
466.jpg,799.9
1926.jpg,549.0
4102.jpg,475.0
4760.jpg,2000.0
535.jpg,695.0
5348.jpg,1358.0
974.jpg,1049.0
4631.jpg,385.0
7466.jpg,449.999
2439.jpg,999.0
2457.jpg,198.0
5811.jpg,259.9
1270.jpg,785.0
3377.jpg,220.0
3276.jpg,399.0
20.jpg,1350.0
925.jpg,484.0
3713.jpg,585.0
321.jpg,749.0
834.jpg,499.9
4494.jpg,402.0
6407.jpg,444.9
190.jpg,1640.0
582.jpg,899.0
7051.jpg,1400.0
6899.jpg,629.0
1491.jpg,548.0
1626.jpg,850.0
7987.jpg,258.0
6902.jpg,695.0
944.jpg,425.0
4520.jpg,599.0
3895.jpg,750.0
998.jpg,599.0
80.jpg,484.99
6155.jpg,738.0
2921.jpg,398.0
1166.jpg,499.0
2904.jpg,610.0
4136.jpg,1495.0
6608.jpg,525.0
4867.jpg,350.0
2871.jpg,799.999
1081.jpg,599.9
2736.jpg,625.0
102.jpg,399.9
4666.jpg,549.0
3176.jpg,799.0
650.jpg,275.0
3905.jpg,1950.0
4850.jpg,965.0
871.jpg,269.0
461.jpg,394.0
7757.jpg,359.0
557.jpg,379.9
1456.jpg,299.0
5616.jpg,465.0
4515.jpg,805.0
2477.jpg,879.0
6114.jpg,1449.0
4449.jpg,499.9
2870.jpg,325.0
5669.jpg,799.0
5011.jpg,319.0
2319.jpg,1295.0
6889.jpg,1698.0
7622.jpg,1100.0
2575.jpg,615.0
1193.jpg,450.0
7521.jpg,975.0
3308.jpg,615.0
2000.jpg,1050.0
4425.jpg,774.9
4174.jpg,265.0
6500.jpg,1499.0
7952.jpg,975.0
4194.jpg,1895.0
2659.jpg,1100.0
549.jpg,860.0
3423.jpg,749.0
115.jpg,673.0
3868.jpg,829.0
1423.jpg,899.0
5684.jpg,748.0
3829.jpg,589.0
831.jpg,679.0
807.jpg,868.0
6658.jpg,389.0
3591.jpg,735.0
7841.jpg,649.888
390.jpg,298.0
76.jpg,429.9
5789.jpg,1290.0
4291.jpg,1100.0
2121.jpg,550.0
7901.jpg,489.0
5642.jpg,940.0
5243.jpg,439.0
7587.jpg,749.0
3860.jpg,950.0
1051.jpg,875.0
6148.jpg,799.0
1146.jpg,375.0
5942.jpg,925.0
6409.jpg,790.0
1893.jpg,782.0
5021.jpg,695.0
3792.jpg,675.0
6252.jpg,799.9
254.jpg,1390.0
7452.jpg,599.0
7430.jpg,249.0
1360.jpg,235.0
1149.jpg,249.9
2357.jpg,1089.0
1888.jpg,420.0
3113.jpg,469.0
1.jpg,549.9
4166.jpg,335.0
6159.jpg,1050.0
7557.jpg,514.0
7082.jpg,725.0
6106.jpg,679.999
5631.jpg,999.999
4562.jpg,1897.0
1505.jpg,250.0
6696.jpg,315.9
3037.jpg,1825.0
6292.jpg,437.9
1880.jpg,599.9
6819.jpg,599.9
3866.jpg,234.9
6702.jpg,430.888
5253.jpg,1475.0
6959.jpg,420.0
6306.jpg,1295.0
7951.jpg,339.9
4966.jpg,415.0
4328.jpg,369.9
7072.jpg,259.0
7359.jpg,1999.0
16.jpg,929.0
2207.jpg,499.9
2189.jpg,1249.0
3979.jpg,230.0
579.jpg,749.99
5938.jpg,219.0
6730.jpg,1275.0
3469.jpg,706.0
7268.jpg,799.0
4144.jpg,390.0
2884.jpg,710.0
4713.jpg,855.0
6920.jpg,304.395
179.jpg,729.0
7756.jpg,749.0
3151.jpg,245.0
1262.jpg,699.0
6201.jpg,274.9
3797.jpg,449.0
327.jpg,699.0
3416.jpg,1299.0
4163.jpg,238.9
6124.jpg,543.243
2990.jpg,295.0
291.jpg,409.9
873.jpg,389.9
5402.jpg,770.0
258.jpg,270.0
1776.jpg,289.0
4467.jpg,1875.0
1835.jpg,537.0
1100.jpg,550.0
149.jpg,369.9
5031.jpg,1199.9
5517.jpg,1950.0
1466.jpg,346.5
5306.jpg,729.0
3017.jpg,665.0
7324.jpg,259.9
2626.jpg,849.999
5176.jpg,745.0
6013.jpg,446.0
6583.jpg,429.0
5784.jpg,1250.0
2051.jpg,215.0
3164.jpg,1195.0
4346.jpg,949.95
1847.jpg,690.0
3717.jpg,995.0
5390.jpg,899.5
7209.jpg,719.0
3662.jpg,739.9
1427.jpg,560.0
7709.jpg,384.9
1212.jpg,354.0
1457.jpg,379.0
5809.jpg,879.0
4161.jpg,499.0
1402.jpg,1295.0
2200.jpg,525.0
4624.jpg,997.0
2497.jpg,599.0
1441.jpg,662.499
5896.jpg,349.0
436.jpg,920.0
99.jpg,939.9
3770.jpg,698.5
1960.jpg,319.0
7618.jpg,570.0
1890.jpg,450.0
4212.jpg,279.9
5572.jpg,645.0
1537.jpg,305.0
6094.jpg,276.9
2690.jpg,776.0
883.jpg,997.9
1365.jpg,569.0
6180.jpg,720.0
2221.jpg,645.0
1443.jpg,425.0
7634.jpg,1989.9
2749.jpg,1680.0
1886.jpg,697.0
4744.jpg,1250.0
6880.jpg,340.0
5479.jpg,701.085
637.jpg,498.9
159.jpg,285.0
3782.jpg,1549.9
5680.jpg,380.0
2778.jpg,500.0
3747.jpg,639.0
6244.jpg,329.0
5247.jpg,710.0
478.jpg,899.0
2685.jpg,699.0
5562.jpg,749.9
5356.jpg,1999.999
6653.jpg,1499.373
5121.jpg,1475.0
6074.jpg,469.0
5093.jpg,998.0
5323.jpg,1449.0
6937.jpg,350.0
2298.jpg,1149.0
3087.jpg,1675.0
5205.jpg,695.0
164.jpg,824.9
5570.jpg,535.0
6313.jpg,510.0
6507.jpg,655.0
2211.jpg,579.9
5407.jpg,310.0
3817.jpg,299.5
4190.jpg,729.999
7799.jpg,799.8
7552.jpg,639.0
602.jpg,264.9
3529.jpg,1095.0
24.jpg,210.0
5828.jpg,315.0
5707.jpg,969.0
3718.jpg,569.0
2167.jpg,474.0
506.jpg,1299.0
7574.jpg,629.999
2826.jpg,899.0
375.jpg,529.9
7732.jpg,239.0
5785.jpg,589.0
3066.jpg,775.0
6023.jpg,875.0
6790.jpg,745.0
3573.jpg,1470.0
3929.jpg,1599.0
3344.jpg,719.0
7657.jpg,769.9
649.jpg,989.0
2960.jpg,329.0
6338.jpg,540.0
3100.jpg,700.0
3458.jpg,825.0
1418.jpg,349.9
769.jpg,467.0
3941.jpg,459.0
7327.jpg,1400.0
5289.jpg,795.0
1632.jpg,635.0
7227.jpg,398.5
2759.jpg,479.9
4362.jpg,849.0
1754.jpg,699.9
570.jpg,875.0
1338.jpg,259.9
760.jpg,709.0
7300.jpg,487.5
591.jpg,1275.0
4712.jpg,399.0
7886.jpg,539.9
3580.jpg,1795.0
7697.jpg,569.9
1451.jpg,429.9
6603.jpg,1375.0
5757.jpg,979.0
888.jpg,1612.99
5820.jpg,949.0
3567.jpg,1338.0
7509.jpg,575.0
4284.jpg,585.0
5986.jpg,875.0
1096.jpg,684.9
6310.jpg,958.0
5919.jpg,1499.5
4614.jpg,1999.0
4509.jpg,455.0
3695.jpg,750.0
658.jpg,435.0
471.jpg,649.0
5515.jpg,574.9
1549.jpg,699.0
1209.jpg,745.0
2583.jpg,559.0
2085.jpg,800.0
3539.jpg,707.9
1559.jpg,885.0
3872.jpg,599.9
5541.jpg,619.0
3222.jpg,479.0
7766.jpg,495.0
6670.jpg,649.9
4718.jpg,995.0
629.jpg,320.0
4683.jpg,365.0
3943.jpg,217.5
204.jpg,575.45
704.jpg,1149.9
3358.jpg,454.9
6018.jpg,1425.0
6373.jpg,449.0
7264.jpg,779.0
917.jpg,955.0
7750.jpg,664.0
7910.jpg,399.0
487.jpg,995.0
1383.jpg,274.5
4014.jpg,499.95
5746.jpg,1599.95
2807.jpg,335.0
2973.jpg,405.0
736.jpg,234.0
4918.jpg,384.999
4091.jpg,685.0
7484.jpg,998.0
3177.jpg,799.9
3278.jpg,725.0
4578.jpg,1195.0
348.jpg,589.0
181.jpg,499.9
4587.jpg,699.9
3060.jpg,239.0
7978.jpg,699.0
7128.jpg,590.5
2647.jpg,529.5
6461.jpg,700.0
5548.jpg,525.0
4454.jpg,699.0
7828.jpg,855.0
2577.jpg,559.0
793.jpg,675.0
4176.jpg,900.0
3170.jpg,849.9
4496.jpg,899.0
2202.jpg,360.0
2414.jpg,584.0
6476.jpg,699.9
5469.jpg,495.0
1981.jpg,845.0
6510.jpg,1760.0
2099.jpg,418.9
374.jpg,499.999
1274.jpg,635.0
6417.jpg,874.9
1265.jpg,1079.9
7254.jpg,1050.0
713.jpg,530.0
7274.jpg,669.9
6237.jpg,895.0
3355.jpg,859.0
5500.jpg,399.99
2232.jpg,629.0
6918.jpg,689.0
7866.jpg,779.0
3121.jpg,239.9
7147.jpg,525.0
3104.jpg,525.0
3263.jpg,317.988
1090.jpg,1618.0
6333.jpg,795.0
3131.jpg,559.999
2293.jpg,1249.0
7847.jpg,737.5
1580.jpg,559.9
625.jpg,234.99
5790.jpg,699.9
1583.jpg,349.9
1472.jpg,505.99
6836.jpg,524.0
1222.jpg,429.0
1830.jpg,699.5
2662.jpg,689.0
4274.jpg,1050.0
1236.jpg,749.0
4732.jpg,299.9
4628.jpg,1845.0
7140.jpg,569.9
7295.jpg,999.0
3863.jpg,1648.747
7328.jpg,1548.0
6784.jpg,860.0
2869.jpg,1799.995
326.jpg,699.0
2933.jpg,464.0
5858.jpg,229.9
5536.jpg,829.0
1680.jpg,1099.0
6919.jpg,719.0
1313.jpg,215.0
6527.jpg,1775.0
7058.jpg,709.99
1351.jpg,739.5
39.jpg,489.0
6227.jpg,329.998
7528.jpg,1250.0
3748.jpg,840.0
3666.jpg,629.9
5566.jpg,678.9
4084.jpg,479.9
1621.jpg,750.0
4962.jpg,269.9
6750.jpg,765.0
277.jpg,679.0
2065.jpg,537.0
3101.jpg,599.9
4473.jpg,700.0
1308.jpg,429.9
7445.jpg,985.0
5367.jpg,1390.0
4572.jpg,369.0
4933.jpg,429.9
7850.jpg,1495.0
4010.jpg,899.99
4698.jpg,450.0
1607.jpg,949.0
4604.jpg,1600.0
1275.jpg,467.9
6410.jpg,809.99
7265.jpg,305.0
7450.jpg,638.0
7491.jpg,599.999
1108.jpg,459.9
901.jpg,765.0
4699.jpg,379.0
1669.jpg,736.0
3216.jpg,749.0
3487.jpg,410.0
2432.jpg,910.0
2565.jpg,1399.9
523.jpg,345.0
6274.jpg,429.99
3226.jpg,1195.0
5381.jpg,1949.0
1503.jpg,195.0
3535.jpg,550.0
7299.jpg,629.88
2863.jpg,250.5
7656.jpg,600.0
3168.jpg,925.0
7236.jpg,450.0
4009.jpg,314.9
2925.jpg,275.0
5806.jpg,778.0
666.jpg,1700.0
7036.jpg,669.0
7698.jpg,700.0
7206.jpg,739.0
6033.jpg,442.0
2445.jpg,1050.0
6669.jpg,460.0
4839.jpg,750.0
464.jpg,408.083
4282.jpg,249.0
4241.jpg,995.0
1953.jpg,699.0
3085.jpg,569.0
5819.jpg,700.0
1786.jpg,950.0
7134.jpg,1050.0
6098.jpg,1440.0
108.jpg,850.0
3301.jpg,700.0
1600.jpg,1125.0
2405.jpg,815.0
49.jpg,650.0
5895.jpg,795.0
2191.jpg,560.0
4625.jpg,575.0
7547.jpg,1725.0
920.jpg,650.0
3186.jpg,614.9
3946.jpg,700.0
4556.jpg,579.0
271.jpg,1499.0
6966.jpg,653.8
27.jpg,1345.0
2481.jpg,489.0
7702.jpg,586.0
7382.jpg,739.0
1154.jpg,845.0
677.jpg,625.0
3754.jpg,739.99
6026.jpg,399.0
1124.jpg,499.9
7554.jpg,245.0
5335.jpg,335.0
5009.jpg,445.0
2251.jpg,749.0
5836.jpg,525.0
7620.jpg,535.0
352.jpg,888.0
2141.jpg,1500.0
1825.jpg,439.0
3206.jpg,325.0
7875.jpg,799.0
1331.jpg,1370.0
6525.jpg,499.0
5762.jpg,1999.0
5633.jpg,780.0
4154.jpg,514.99
4898.jpg,750.0
7219.jpg,1350.0
1742.jpg,280.0
2022.jpg,467.0
3592.jpg,879.0
4236.jpg,539.0
109.jpg,384.9
6581.jpg,349.999
7306.jpg,534.9
7301.jpg,468.8
1214.jpg,785.0
7691.jpg,1480.0
1782.jpg,449.9
856.jpg,919.0
4691.jpg,825.0
3719.jpg,479.9
6842.jpg,1650.0
1915.jpg,995.0
7741.jpg,319.9
7215.jpg,855.0
6866.jpg,1199.0
5146.jpg,1500.0
1869.jpg,659.5
4279.jpg,375.0
1625.jpg,315.0
3970.jpg,259.0
4876.jpg,849.9
1666.jpg,510.0
2266.jpg,599.9
229.jpg,998.875
3623.jpg,1735.0
7705.jpg,299.9
7404.jpg,589.8
5463.jpg,228.0
4828.jpg,639.0
7290.jpg,1450.0
4922.jpg,330.0
1753.jpg,325.0
6645.jpg,539.0
5968.jpg,1799.9
51.jpg,265.0
7062.jpg,658.888
5656.jpg,499.0
1459.jpg,320.0
6929.jpg,699.0
2537.jpg,449.999
3242.jpg,499.5
7908.jpg,824.9
2981.jpg,240.0
719.jpg,509.999
2528.jpg,459.0
4734.jpg,714.9
2841.jpg,649.999
7145.jpg,345.0
7829.jpg,799.0
6247.jpg,659.999
5285.jpg,539.9
7170.jpg,725.0
1729.jpg,299.99
1892.jpg,858.8
6355.jpg,634.5
1272.jpg,1695.0
3356.jpg,660.0
4023.jpg,1289.0
458.jpg,535.0
6912.jpg,499.9
5446.jpg,730.0
2584.jpg,460.0
4433.jpg,589.0
3227.jpg,859.5
4184.jpg,675.0
5931.jpg,1545.0
7997.jpg,749.0
4169.jpg,649.0
4047.jpg,439.9
5067.jpg,1199.0
5598.jpg,399.0
4100.jpg,720.0
6994.jpg,550.0
4856.jpg,269.0
1380.jpg,545.0
4787.jpg,359.0
7468.jpg,385.0
2775.jpg,1899.99
1024.jpg,380.0
5842.jpg,249.0
5128.jpg,355.0
5100.jpg,335.0
599.jpg,455.0
3541.jpg,975.0
619.jpg,614.9
4812.jpg,498.0
4935.jpg,859.0
6486.jpg,749.9
7636.jpg,1125.0
1043.jpg,505.0
1022.jpg,939.0
7366.jpg,560.0
2003.jpg,290.0
4457.jpg,799.0
3631.jpg,749.9
7443.jpg,688.0
4283.jpg,1250.0
4275.jpg,1690.0
7210.jpg,727.0
3290.jpg,1795.0
3931.jpg,765.0
2744.jpg,1749.0
1868.jpg,438.8
372.jpg,520.0
5384.jpg,369.9
3316.jpg,399.99
833.jpg,1499.0
5134.jpg,435.0
1834.jpg,410.0
6093.jpg,1599.0
2290.jpg,799.0
7520.jpg,687.0
7092.jpg,195.0
7457.jpg,440.0
767.jpg,885.0
6901.jpg,988.0
508.jpg,675.0
3626.jpg,725.0
5412.jpg,785.0
6365.jpg,890.0
7228.jpg,729.999
6998.jpg,995.0
6691.jpg,645.0
7696.jpg,675.0
7220.jpg,749.999
3636.jpg,590.0
5345.jpg,1000.0
7776.jpg,999.999
2377.jpg,649.0
1964.jpg,799.9
6441.jpg,499.9
7288.jpg,1899.0
1259.jpg,899.95
296.jpg,689.888
1535.jpg,699.9
2677.jpg,747.0
6327.jpg,1288.8
5350.jpg,635.0
4612.jpg,998.8
91.jpg,869.5
5177.jpg,1119.0
7285.jpg,514.0
1640.jpg,699.0
2543.jpg,219.9
7938.jpg,395.0
62.jpg,749.95
273.jpg,620.0
3683.jpg,270.0
5330.jpg,889.0
6656.jpg,578.902
7022.jpg,335.0
2010.jpg,289.9
6681.jpg,850.0
7018.jpg,309.999
2355.jpg,910.0
6847.jpg,575.0
2547.jpg,420.0
3564.jpg,1099.0
2810.jpg,789.0
5144.jpg,310.0
6517.jpg,599.0
3065.jpg,449.0
7601.jpg,675.0
4061.jpg,719.9
2101.jpg,1999.0
633.jpg,799.0
3298.jpg,429.9
7222.jpg,424.9
4902.jpg,669.9
5368.jpg,280.0
2354.jpg,199.0
7401.jpg,895.9
5445.jpg,620.0
3140.jpg,1299.0
6807.jpg,419.9
6469.jpg,958.0
2928.jpg,1499.0
7476.jpg,910.0
2214.jpg,900.0
3169.jpg,480.0
3309.jpg,749.9
1954.jpg,469.0
384.jpg,199.0
7982.jpg,739.9
7232.jpg,1788.0
5366.jpg,249.9
2974.jpg,235.0
1622.jpg,1995.0
422.jpg,676.0
3634.jpg,729.9
3430.jpg,325.0
1476.jpg,257.5
7316.jpg,615.0
7239.jpg,750.0
5597.jpg,549.0
7945.jpg,799.9
2249.jpg,1088.0
4114.jpg,760.0
5434.jpg,719.0
2850.jpg,252.9
3670.jpg,314.5
3016.jpg,799.9
361.jpg,215.0
2848.jpg,452.495
3107.jpg,888.0
503.jpg,525.0
6971.jpg,948.0
2834.jpg,1200.0
5324.jpg,689.5
364.jpg,549.0
6904.jpg,229.9
1924.jpg,758.888
5406.jpg,484.35
1417.jpg,250.0
97.jpg,999.999
3233.jpg,499.0
6973.jpg,1275.0
4841.jpg,639.0
583.jpg,416.5
7349.jpg,269.669
5722.jpg,1899.0
1829.jpg,410.0
2800.jpg,319.8
2364.jpg,1950.0
6036.jpg,1799.0
7221.jpg,758.0
6164.jpg,639.0
5231.jpg,295.0
7903.jpg,550.0
7126.jpg,443.88
6386.jpg,1288.0
7652.jpg,968.0
2881.jpg,829.0
1055.jpg,479.9
3616.jpg,255.0
5376.jpg,615.0
2398.jpg,589.9
2464.jpg,939.9
2033.jpg,975.0
6493.jpg,629.0
6270.jpg,749.0
7613.jpg,649.9
5084.jpg,504.9
3604.jpg,799.0
4884.jpg,1080.0
6414.jpg,629.9
7318.jpg,879.7
7563.jpg,355.0
5187.jpg,335.0
743.jpg,649.99
4544.jpg,379.0
1279.jpg,589.0
2310.jpg,340.0
5752.jpg,749.0
2520.jpg,1945.0
5484.jpg,259.5
5292.jpg,1167.0
1945.jpg,899.9
1157.jpg,1685.0
1793.jpg,529.0
5993.jpg,410.0
7840.jpg,279.0
3020.jpg,1995.0
6850.jpg,869.9
3663.jpg,449.0
84.jpg,759.0
6888.jpg,1425.0
3346.jpg,337.5
4979.jpg,370.0
4507.jpg,859.0
4329.jpg,369.0
3968.jpg,639.9
1180.jpg,410.0
7889.jpg,730.0
700.jpg,691.9
5423.jpg,949.0
5645.jpg,299.0
5226.jpg,849.999
2687.jpg,1049.9
4401.jpg,800.0
2306.jpg,699.0
647.jpg,1545.0
3478.jpg,735.0
4156.jpg,439.9
2035.jpg,558.0
7488.jpg,548.0
2068.jpg,1329.0
1447.jpg,729.0
3875.jpg,795.0
1314.jpg,614.0
5711.jpg,639.0
6298.jpg,615.0
7087.jpg,627.9
2941.jpg,535.0
6633.jpg,1069.0
7858.jpg,749.0
817.jpg,585.0
5838.jpg,422.9
5704.jpg,389.9
54.jpg,798.888
7712.jpg,649.0
3277.jpg,1049.0
2953.jpg,1150.0
4969.jpg,345.0
4502.jpg,695.0
3167.jpg,560.0
3028.jpg,419.0
5410.jpg,1169.0
5221.jpg,369.9
64.jpg,360.0
809.jpg,324.0
453.jpg,499.5
3330.jpg,650.0
6479.jpg,420.0
1801.jpg,879.0
3382.jpg,399.9
5092.jpg,1049.999
2094.jpg,660.0
6990.jpg,627.5
6999.jpg,1699.0
127.jpg,442.0
5903.jpg,717.0
81.jpg,1499.0
3509.jpg,959.0
1454.jpg,1450.0
4500.jpg,599.9
3724.jpg,369.0
7808.jpg,799.0
3507.jpg,534.9
3027.jpg,229.0
4644.jpg,789.0
5061.jpg,949.0
983.jpg,273.0
7331.jpg,525.0
1808.jpg,1290.04
577.jpg,199.9
67.jpg,229.5
7410.jpg,599.9
4864.jpg,799.0
507.jpg,799.0
1939.jpg,250.0
3055.jpg,759.0
5580.jpg,769.9
1859.jpg,389.9
3232.jpg,1399.0
5363.jpg,975.0
5375.jpg,700.0
1951.jpg,689.9
6952.jpg,230.0
4151.jpg,1549.0
5787.jpg,999.999
2184.jpg,965.0
7276.jpg,1449.0
1142.jpg,760.0
2524.jpg,1595.0
7247.jpg,407.0
7884.jpg,239.9
5668.jpg,335.0
843.jpg,245.0
1877.jpg,520.0
1722.jpg,329.0
5712.jpg,1250.0
2343.jpg,605.0
7954.jpg,865.0
7482.jpg,780.0
2534.jpg,629.999
2967.jpg,260.0
3145.jpg,1499.0
3887.jpg,359.0
3669.jpg,724.9
7971.jpg,680.0
6317.jpg,597.5
5584.jpg,795.0
819.jpg,220.0
192.jpg,282.99
1905.jpg,1290.0
6389.jpg,929.99
621.jpg,690.0
1526.jpg,442.5
7818.jpg,599.0
2552.jpg,1450.0
5589.jpg,669.9
1394.jpg,729.0
1608.jpg,599.9
757.jpg,749.0
6843.jpg,1575.0
975.jpg,789.0
3861.jpg,798.0
592.jpg,1995.0
2595.jpg,1665.0
5601.jpg,599.9
5250.jpg,334.0
1112.jpg,599.0
6169.jpg,824.5
5437.jpg,1069.0
3440.jpg,1350.0
7963.jpg,299.9
3054.jpg,949.0
3780.jpg,739.0
2386.jpg,832.5
4380.jpg,699.9
1928.jpg,839.0
1795.jpg,619.0
7962.jpg,418.9
6964.jpg,614.9
6765.jpg,975.0
6357.jpg,999.0
5395.jpg,1150.0
307.jpg,1049.0
1620.jpg,1949.0
722.jpg,213.0
2631.jpg,518.0
5309.jpg,282.999
6436.jpg,439.0
6174.jpg,439.9
7694.jpg,599.9
270.jpg,379.9
4034.jpg,389.0
7235.jpg,799.0
4989.jpg,399.0
707.jpg,467.5
1848.jpg,351.99
2437.jpg,649.0
5180.jpg,535.0
1865.jpg,1495.0
1717.jpg,724.998
4007.jpg,729.999
207.jpg,499.0
1714.jpg,269.9
2434.jpg,340.0
7096.jpg,799.0
904.jpg,269.9
1686.jpg,333.49
6746.jpg,650.0
3980.jpg,1687.0
7820.jpg,629.0
5194.jpg,199.0
7014.jpg,499.999
6199.jpg,556.0
1150.jpg,355.0
2963.jpg,1285.0
5969.jpg,649.0
5985.jpg,598.0
7812.jpg,629.0
2017.jpg,325.0
3203.jpg,725.0
3331.jpg,720.0
1143.jpg,309.0
2425.jpg,1800.0
183.jpg,799.999
7714.jpg,475.0
6886.jpg,999.0
5608.jpg,225.0
7930.jpg,245.0
2597.jpg,469.9
4278.jpg,249.0
7223.jpg,1495.0
4109.jpg,1795.0
7307.jpg,724.0
48.jpg,255.0
5582.jpg,1700.0
7608.jpg,765.0
2527.jpg,915.0
6362.jpg,450.0
7513.jpg,975.0
7590.jpg,1530.0
4581.jpg,310.0
7673.jpg,369.0
2882.jpg,1069.999
6049.jpg,548.4
6351.jpg,395.0
7771.jpg,859.0
4674.jpg,789.0
3359.jpg,960.0
3557.jpg,279.999
3902.jpg,665.0
3063.jpg,1704.73
2495.jpg,989.0
6040.jpg,999.0
7747.jpg,369.9
7965.jpg,628.0
5354.jpg,1369.0
5627.jpg,775.0
2102.jpg,395.0
272.jpg,800.0
5671.jpg,665.0
2326.jpg,1598.8
2657.jpg,757.0
3038.jpg,750.0
5210.jpg,1195.0
1267.jpg,405.0
5339.jpg,675.0
5057.jpg,269.0
6010.jpg,250.0
3533.jpg,1035.0
3572.jpg,639.5
3400.jpg,599.0
7615.jpg,699.999
145.jpg,919.25
421.jpg,625.0
3661.jpg,889.0
755.jpg,1899.0
3689.jpg,630.0
5751.jpg,549.999
28.jpg,615.0
6900.jpg,499.9
399.jpg,542.9
791.jpg,590.0
3504.jpg,695.0
4724.jpg,724.9
1937.jpg,999.0
5760.jpg,676.147
4312.jpg,1800.0
2950.jpg,719.0
3882.jpg,1297.0
1428.jpg,499.999
5831.jpg,475.0
2484.jpg,1399.0
3903.jpg,549.999
2535.jpg,1095.0
2611.jpg,510.0
2742.jpg,699.888
6854.jpg,1500.0
6763.jpg,424.9
3408.jpg,735.0
1188.jpg,339.9
4538.jpg,1225.0
4074.jpg,248.8
1208.jpg,1799.999
6444.jpg,599.0
5255.jpg,459.9
6491.jpg,709.0
1541.jpg,749.9
4920.jpg,874.5
4407.jpg,340.0
2153.jpg,555.0
2755.jpg,499.0
1103.jpg,565.0
6385.jpg,699.0
186.jpg,249.9
3731.jpg,1899.0
1444.jpg,1038.0
6602.jpg,279.0
2653.jpg,614.0
6624.jpg,345.0
3136.jpg,585.0
7658.jpg,209.9
5211.jpg,215.0
6387.jpg,629.0
3114.jpg,375.0
3680.jpg,679.0
2387.jpg,999.999
7255.jpg,380.0
6381.jpg,449.9
5208.jpg,449.0
6434.jpg,329.9
2024.jpg,999.9
1867.jpg,679.0
4606.jpg,1359.0
6034.jpg,1069.0
1206.jpg,270.0
2323.jpg,364.9
849.jpg,679.99
7335.jpg,615.0
6097.jpg,629.99
3913.jpg,875.0
1034.jpg,740.0
2478.jpg,419.0
992.jpg,475.0
1215.jpg,542.88
7284.jpg,918.0
7537.jpg,949.95
2555.jpg,598.0
1821.jpg,475.0
1519.jpg,397.99
827.jpg,349.5
3923.jpg,240.0
389.jpg,315.0
6286.jpg,534.9
3005.jpg,969.9
2627.jpg,899.731
4026.jpg,730.0
1913.jpg,454.9
7958.jpg,925.0
2713.jpg,550.0
2753.jpg,874.9
2374.jpg,499.9
6832.jpg,219.9
4786.jpg,735.0
6943.jpg,582.0
7186.jpg,729.0
5369.jpg,569.9
7614.jpg,1200.0
394.jpg,999.0
4359.jpg,505.0
401.jpg,569.0
6149.jpg,779.8
2814.jpg,499.0
335.jpg,310.0
6442.jpg,247.0
3078.jpg,1349.0
6756.jpg,807.9
2643.jpg,399.9
472.jpg,1200.0
3171.jpg,558.88
6727.jpg,239.0
7039.jpg,829.9
6938.jpg,870.0
3546.jpg,1399.0
5162.jpg,629.999
4447.jpg,600.0
1499.jpg,585.0
1658.jpg,658.0
6165.jpg,1259.0
3503.jpg,950.0
7832.jpg,319.9
6145.jpg,339.9
7561.jpg,263.0
5102.jpg,799.999
6330.jpg,690.0
3264.jpg,595.0
378.jpg,780.0
1521.jpg,939.9
7892.jpg,210.0
7133.jpg,510.0
2336.jpg,469.0
2885.jpg,899.0
4899.jpg,1149.0
6220.jpg,198.0
3254.jpg,890.0
1086.jpg,379.9
2155.jpg,669.99
6473.jpg,550.0
4480.jpg,960.0
532.jpg,349.9
5801.jpg,799.0
4623.jpg,639.0
5204.jpg,1096.0
1760.jpg,319.0
7752.jpg,525.0
836.jpg,1295.0
5594.jpg,897.5
7371.jpg,414.9
4506.jpg,1600.0
2012.jpg,739.0
3130.jpg,799.0
6001.jpg,819.777
2174.jpg,1200.0
2168.jpg,250.0
1053.jpg,1250.0
1595.jpg,899.0
5724.jpg,499.0
3218.jpg,279.499
3921.jpg,1299.0
5000.jpg,649.0
7772.jpg,567.0
137.jpg,475.0
298.jpg,389.999
4621.jpg,601.95
5349.jpg,769.0
2311.jpg,829.9
1114.jpg,418.8
4574.jpg,599.0
5343.jpg,499.0
6968.jpg,395.0
5840.jpg,799.999
7455.jpg,829.0
5240.jpg,369.999
3072.jpg,269.5
6515.jpg,1125.0
4972.jpg,989.9
6589.jpg,669.9
2788.jpg,549.9
5077.jpg,1925.0
3144.jpg,539.0
5910.jpg,789.0
7448.jpg,399.99
6140.jpg,383.9
3745.jpg,1749.0
120.jpg,279.0
3485.jpg,1399.0
1059.jpg,459.0
3357.jpg,868.0
6648.jpg,629.999
851.jpg,629.999
4172.jpg,579.9
94.jpg,809.0
3239.jpg,689.588
2416.jpg,1499.0
1715.jpg,779.9
3729.jpg,869.0
6104.jpg,519.0
63.jpg,558.8
2934.jpg,499.0
4342.jpg,1077.5
2828.jpg,600.0
7929.jpg,360.0
112.jpg,939.0
2610.jpg,479.0
5698.jpg,1188.888
2588.jpg,549.0
2700.jpg,419.0
7076.jpg,725.0
7028.jpg,929.0
1046.jpg,425.0
2049.jpg,274.9
7119.jpg,769.0
3062.jpg,627.0
4008.jpg,935.0
1431.jpg,399.9
6991.jpg,1045.0
6305.jpg,339.0
1422.jpg,1375.0
3052.jpg,649.9
4438.jpg,990.0
6039.jpg,470.0
4458.jpg,850.0
5567.jpg,539.0
2508.jpg,950.0
4193.jpg,759.0
5715.jpg,1265.0
1642.jpg,450.0
855.jpg,505.0
7727.jpg,548.0
351.jpg,599.9
5054.jpg,399.0
5777.jpg,1298.8
2159.jpg,885.0
5331.jpg,1250.0
4162.jpg,564.99
7345.jpg,479.0
6678.jpg,800.0
3871.jpg,1688.0
445.jpg,639.0
6303.jpg,1349.5
5197.jpg,339.9
4852.jpg,999.0
2937.jpg,980.0
5385.jpg,1295.0
4261.jpg,1995.0
2682.jpg,879.9
6342.jpg,549.0
5188.jpg,1184.0
4958.jpg,875.0
858.jpg,1349.0
1337.jpg,629.9
7555.jpg,729.0
1442.jpg,235.0
805.jpg,400.0
442.jpg,649.95
5930.jpg,579.0
978.jpg,1250.0
4198.jpg,399.99
6701.jpg,219.0
7164.jpg,1149.0
5494.jpg,1175.0
5482.jpg,614.9
7266.jpg,219.0
4191.jpg,358.0
2866.jpg,649.0
2430.jpg,1690.0
4955.jpg,390.0
6856.jpg,629.0
2877.jpg,1999.9
2233.jpg,1150.0
4001.jpg,895.0
2132.jpg,639.9
3978.jpg,569.995
1755.jpg,998.0
5135.jpg,1865.0
2126.jpg,597.0
6823.jpg,649.0
6874.jpg,439.0
4030.jpg,505.0
7940.jpg,745.0
1182.jpg,349.9
4067.jpg,798.0
7967.jpg,460.0
4460.jpg,1295.0
2152.jpg,499.999
3244.jpg,499.99
7533.jpg,849.0
551.jpg,453.888
935.jpg,1995.0
7836.jpg,995.0
7631.jpg,949.9
5922.jpg,687.0
5773.jpg,775.0
3962.jpg,1199.0
7089.jpg,499.9
6894.jpg,295.0
2490.jpg,299.999
6005.jpg,1348.0
1572.jpg,949.0
6083.jpg,779.0
5037.jpg,949.0
6743.jpg,1275.0
469.jpg,689.0
5863.jpg,308.0
3280.jpg,525.0
3034.jpg,749.0
4539.jpg,519.8
7778.jpg,245.0
1091.jpg,774.95
4815.jpg,758.888
7715.jpg,529.9
419.jpg,1100.0
163.jpg,639.9
2876.jpg,450.0
4591.jpg,799.0
5073.jpg,669.0
58.jpg,1975.0
1904.jpg,1199.9
2679.jpg,1089.0
1921.jpg,895.0
7322.jpg,1875.0
7405.jpg,985.0
3003.jpg,1720.0
912.jpg,619.0
4352.jpg,995.0
6908.jpg,699.0
6593.jpg,639.0
1747.jpg,1679.9
1151.jpg,825.0
7589.jpg,409.0
1735.jpg,415.0
1092.jpg,967.833
5237.jpg,499.0
5088.jpg,918.0
7064.jpg,530.0
7881.jpg,699.0
1301.jpg,415.0
6811.jpg,580.0
4843.jpg,599.9
4778.jpg,1699.9
5492.jpg,735.0
4580.jpg,1975.0
3757.jpg,795.0
3544.jpg,449.0
4197.jpg,510.0
10.jpg,835.0
5709.jpg,621.5
1705.jpg,330.0
6066.jpg,679.0
1678.jpg,1260.0
420.jpg,619.9
7240.jpg,1299.0
3079.jpg,749.0
6813.jpg,799.0
2772.jpg,829.0
4351.jpg,629.0
61.jpg,549.9
2048.jpg,619.9
5881.jpg,419.9
1386.jpg,214.0
2969.jpg,459.0
2909.jpg,748.888
5042.jpg,483.9
6792.jpg,775.0
3438.jpg,329.0
3624.jpg,599.9
6665.jpg,557.0
6463.jpg,344.91
4376.jpg,424.99
1330.jpg,499.95
1095.jpg,575.0
3819.jpg,625.0
7102.jpg,399.999
4617.jpg,459.0
4122.jpg,699.0
6236.jpg,510.0
1703.jpg,649.0
5660.jpg,435.0
2198.jpg,1585.0
6504.jpg,515.0
3870.jpg,545.0
5266.jpg,1450.0
7792.jpg,398.0
7687.jpg,223.0
2108.jpg,750.0
3410.jpg,665.0
7915.jpg,210.0
3560.jpg,348.0
5803.jpg,1195.0
7004.jpg,550.0
2342.jpg,969.0
3522.jpg,752.541
2926.jpg,309.7
5322.jpg,599.9
2345.jpg,449.9
1295.jpg,289.0
2696.jpg,247.499
5859.jpg,929.0
3758.jpg,357.0
1011.jpg,499.0
1126.jpg,1460.0
5571.jpg,769.98
4619.jpg,297.8
2913.jpg,625.0
1907.jpg,1525.0
4725.jpg,1075.0
5353.jpg,1198.0
5202.jpg,199.0
1197.jpg,480.0
6425.jpg,1500.0
8.jpg,849.0
4056.jpg,197.9
2642.jpg,799.0
6962.jpg,459.9
4862.jpg,849.9
7934.jpg,1295.0
2726.jpg,668.0
1941.jpg,259.9
5012.jpg,744.0
4307.jpg,580.0
383.jpg,494.9
7486.jpg,299.0
972.jpg,1249.0
4824.jpg,329.999
5987.jpg,737.5
976.jpg,289.0
2959.jpg,1385.0
2133.jpg,1330.0
7667.jpg,585.0
4081.jpg,224.9
6514.jpg,784.995
6572.jpg,620.0
3988.jpg,1325.0
4304.jpg,749.9
2875.jpg,627.5
5632.jpg,649.0
4926.jpg,779.9
3957.jpg,580.0
3175.jpg,369.9
1199.jpg,250.0
3409.jpg,1795.0
6577.jpg,368.9
269.jpg,460.0
1638.jpg,899.0
5855.jpg,849.0
4686.jpg,1959.0
1362.jpg,429.9
4552.jpg,374.999
684.jpg,299.9
6482.jpg,659.0
2417.jpg,1325.0
4660.jpg,969.0
3531.jpg,835.0
2896.jpg,799.0
1426.jpg,1200.0
237.jpg,1350.0
2124.jpg,1229.0
5577.jpg,825.777
4937.jpg,240.0
2994.jpg,599.99
3492.jpg,213.9
6081.jpg,645.0
7031.jpg,699.9
3399.jpg,629.0
7152.jpg,849.0
7281.jpg,1299.5
1577.jpg,380.0
7596.jpg,299.9
452.jpg,425.0
3805.jpg,565.0
2764.jpg,595.0
813.jpg,395.0
739.jpg,679.0
1311.jpg,549.0
2619.jpg,725.0
2261.jpg,609.9
3999.jpg,1550.0
2897.jpg,499.9
6536.jpg,1898.0
1973.jpg,792.0
6803.jpg,329.0
5689.jpg,889.0
4716.jpg,510.0
2737.jpg,625.0
5507.jpg,330.0
4901.jpg,1035.0
3908.jpg,230.0
4517.jpg,643.8
4335.jpg,335.0
6438.jpg,738.0
4749.jpg,1185.0
1263.jpg,820.0
3369.jpg,1199.0
2316.jpg,425.0
5018.jpg,900.0
3370.jpg,850.0
2566.jpg,925.0
7109.jpg,1600.0
1645.jpg,789.0
5694.jpg,919.9
2598.jpg,600.0
1691.jpg,1249.0
614.jpg,569.9
2322.jpg,1600.0
5732.jpg,1009.0
4834.jpg,875.0
3981.jpg,1625.0
2879.jpg,239.0
4592.jpg,599.0
6141.jpg,489.0
5380.jpg,679.0
5131.jpg,695.0
3994.jpg,865.0
6982.jpg,544.9
1102.jpg,395.0
7037.jpg,749.0
161.jpg,759.7
4957.jpg,600.0
1969.jpg,577.999
5279.jpg,850.0
906.jpg,408.0
1354.jpg,448.0
3825.jpg,928.0
2380.jpg,925.0
1992.jpg,1750.0
2263.jpg,587.0
2036.jpg,588.0
1445.jpg,649.9
2193.jpg,485.0
7922.jpg,455.0
1195.jpg,215.0
4653.jpg,895.0
6651.jpg,590.0
2496.jpg,340.0
1160.jpg,759.0
7947.jpg,875.0
4919.jpg,210.0
6460.jpg,599.0
3930.jpg,449.0
168.jpg,973.0
1425.jpg,715.0
620.jpg,679.0
3575.jpg,937.0
2568.jpg,1749.0
525.jpg,199.9
2466.jpg,519.0
4409.jpg,759.9
7719.jpg,235.0
5625.jpg,390.0
7931.jpg,1249.9
4516.jpg,539.95
6339.jpg,1775.0
4694.jpg,494.5
5839.jpg,265.0
7408.jpg,570.0
2039.jpg,1599.0
3640.jpg,749.0
7873.jpg,1719.0
4548.jpg,504.99
993.jpg,355.0
4564.jpg,775.0
6871.jpg,1975.0
908.jpg,965.0
4072.jpg,647.0
7172.jpg,770.0
5888.jpg,778.0
3990.jpg,470.0
6150.jpg,239.0
5675.jpg,599.0
5875.jpg,1070.0
5487.jpg,612.0
6178.jpg,1500.0
5010.jpg,630.0
2586.jpg,780.0
4605.jpg,1880.0
3207.jpg,469.9
6921.jpg,760.0
385.jpg,1050.0
4779.jpg,1899.95
5989.jpg,419.0
267.jpg,634.5
3568.jpg,627.154
36.jpg,750.0
7921.jpg,789.0
2596.jpg,444.9
1613.jpg,779.9
3381.jpg,249.95
7730.jpg,739.9
6791.jpg,524.0
4888.jpg,1550.0
6020.jpg,1199.0
6794.jpg,676.0
4913.jpg,620.0
4080.jpg,1149.0
3864.jpg,1045.0
7253.jpg,329.0
3324.jpg,545.0
7976.jpg,699.9
7061.jpg,1380.0
7783.jpg,260.0
2914.jpg,424.0
6284.jpg,750.0
7716.jpg,344.0
3058.jpg,756.9
6530.jpg,869.0
1785.jpg,389.0
1029.jpg,295.0
6374.jpg,265.0
959.jpg,380.0
542.jpg,550.0
6401.jpg,263.9
56.jpg,690.0
1908.jpg,895.0
1516.jpg,895.0
3488.jpg,339.9
5979.jpg,995.0
7035.jpg,789.0
6911.jpg,339.0
6262.jpg,427.0
697.jpg,649.0
5547.jpg,679.0
3474.jpg,469.0
1855.jpg,799.998
1517.jpg,219.0
5238.jpg,459.0
5317.jpg,1225.0
7093.jpg,925.0
773.jpg,570.0
2390.jpg,247.0
7470.jpg,1599.0
7111.jpg,925.0
4908.jpg,799.0
2972.jpg,309.988
574.jpg,1749.0
1935.jpg,1295.0
5735.jpg,725.0
6947.jpg,595.0
4224.jpg,1399.9
4775.jpg,284.9
1762.jpg,1688.0
3927.jpg,270.0
3878.jpg,514.0
6273.jpg,1175.0
1616.jpg,485.99
1854.jpg,205.0
1294.jpg,950.0
1450.jpg,669.5
2166.jpg,900.0
4746.jpg,549.9
4758.jpg,410.0
6412.jpg,437.5
7319.jpg,765.0
1310.jpg,694.99
4701.jpg,649.0
796.jpg,359.9
6601.jpg,949.9
7333.jpg,550.0
7927.jpg,698.88
2855.jpg,270.0
5871.jpg,699.0
7627.jpg,298.3
3708.jpg,650.0
5978.jpg,289.0
3092.jpg,669.0
6014.jpg,1298.0
5575.jpg,244.0
5452.jpg,679.0
7198.jpg,498.64
2945.jpg,715.0
5115.jpg,1800.0
7541.jpg,669.9
4909.jpg,934.9
4216.jpg,669.0
2145.jpg,1299.0
1120.jpg,618.99
3486.jpg,700.0
5527.jpg,419.999
1434.jpg,1825.0
5004.jpg,329.0
4896.jpg,220.0
4584.jpg,1898.0
95.jpg,409.9
5124.jpg,499.9
2286.jpg,449.0
1718.jpg,1099.0
7204.jpg,619.0
1657.jpg,549.0
2187.jpg,304.99
2177.jpg,619.0
1436.jpg,899.9
69.jpg,685.0
3786.jpg,645.0
1769.jpg,435.0
6488.jpg,849.9
6042.jpg,425.0
6172.jpg,315.0
2602.jpg,1988.0
1597.jpg,1599.0
604.jpg,559.0
5898.jpg,759.9
2734.jpg,420.0
1238.jpg,1975.0
6335.jpg,509.9
6456.jpg,579.9
7993.jpg,469.0
73.jpg,699.0
5749.jpg,739.0
7065.jpg,260.0
7377.jpg,639.0
7469.jpg,659.9
971.jpg,1189.0
7188.jpg,1198.0
2401.jpg,555.0
4820.jpg,489.8
2996.jpg,505.0
7911.jpg,838.0
5936.jpg,1499.0
2075.jpg,1995.0
6867.jpg,220.0
6044.jpg,799.0
5475.jpg,749.0
2472.jpg,475.0
3602.jpg,290.0
2458.jpg,599.999
1881.jpg,649.0
846.jpg,695.0
5431.jpg,560.9
823.jpg,599.0
2163.jpg,325.0
7458.jpg,918.8
349.jpg,589.0
5126.jpg,475.0
3667.jpg,550.0
4221.jpg,730.0
5274.jpg,430.0
6452.jpg,315.0
7672.jpg,520.0
3690.jpg,845.0
2906.jpg,1795.0
2441.jpg,849.9
7326.jpg,900.0
631.jpg,775.0
3901.jpg,749.99
1925.jpg,519.9
519.jpg,649.0
259.jpg,575.5
6950.jpg,519.9
1406.jpg,539.0
1356.jpg,749.9
7949.jpg,409.9
5212.jpg,1325.0
6923.jpg,1995.0
566.jpg,1425.0
306.jpg,698.0
3600.jpg,249.9
7339.jpg,929.0
3387.jpg,570.0
6769.jpg,249.9
6863.jpg,740.0
6329.jpg,799.0
3295.jpg,365.0
2624.jpg,289.0
3598.jpg,1499.0
3694.jpg,459.9
7957.jpg,1950.0
312.jpg,525.0
4491.jpg,549.95
2549.jpg,649.9
1305.jpg,759.0
5701.jpg,595.0
2836.jpg,455.0
369.jpg,1449.9
6222.jpg,1725.0
1677.jpg,1250.0
5956.jpg,379.9
6508.jpg,640.0
3268.jpg,779.0
4610.jpg,1875.0
4267.jpg,739.0
206.jpg,350.0
945.jpg,399.0
564.jpg,575.0
4886.jpg,479.0
6294.jpg,488.8
2845.jpg,639.0
2939.jpg,685.0
522.jpg,585.0
1751.jpg,355.0
898.jpg,385.0
3582.jpg,529.0
4826.jpg,1725.0
3111.jpg,423.9
1641.jpg,585.0
1341.jpg,1699.0
997.jpg,1790.0
486.jpg,363.0
6032.jpg,430.0
5147.jpg,274.9
4924.jpg,1925.0
6967.jpg,669.9
4471.jpg,1775.0
1125.jpg,529.0
6448.jpg,1549.0
4204.jpg,475.0
1159.jpg,579.8
5653.jpg,480.0
1144.jpg,335.0
6767.jpg,550.0
6655.jpg,649.0
7053.jpg,630.0
2702.jpg,634.9
2378.jpg,195.0
6163.jpg,450.0
5417.jpg,260.0
4164.jpg,229.9
4452.jpg,1580.0
5505.jpg,349.999
5476.jpg,230.0
7548.jpg,438.0
7580.jpg,1975.0
2708.jpg,559.9
198.jpg,1050.0
4717.jpg,899.9
4292.jpg,715.0
4697.jpg,899.852
7731.jpg,674.9
2487.jpg,1450.0
2849.jpg,660.0
1588.jpg,385.0
1827.jpg,759.0
3320.jpg,550.0
3120.jpg,1406.705
1623.jpg,564.9
2285.jpg,758.06
4249.jpg,599.0
4331.jpg,1149.0
1131.jpg,749.0
3217.jpg,255.0
88.jpg,1559.0
6695.jpg,289.0
7748.jpg,1450.0
6402.jpg,999.999
1065.jpg,990.0
4892.jpg,1399.0
1900.jpg,549.9
2032.jpg,690.0
3040.jpg,399.0
3246.jpg,749.0
3311.jpg,799.9
4183.jpg,780.0
3304.jpg,580.0
5456.jpg,649.0
6586.jpg,692.2
5483.jpg,1899.9
2070.jpg,420.0
6190.jpg,725.0
2471.jpg,1776.0
7002.jpg,399.9
5429.jpg,725.0
122.jpg,659.0
3388.jpg,539.0
6063.jpg,325.0
1339.jpg,899.5
1615.jpg,600.0
730.jpg,650.0
1147.jpg,249.0
5133.jpg,489.0
5551.jpg,999.0
2946.jpg,829.9
3834.jpg,860.0
6258.jpg,403.0
21.jpg,950.0
2929.jpg,712.9
4904.jpg,850.0
5949.jpg,633.0
3237.jpg,347.99
6423.jpg,534.9
1594.jpg,845.0
1614.jpg,524.9
692.jpg,368.0
2791.jpg,250.0
2832.jpg,269.0
1553.jpg,579.888
4227.jpg,670.0
1758.jpg,409.9
6348.jpg,385.0
3675.jpg,644.0
1510.jpg,659.0
4620.jpg,1745.0
5290.jpg,265.0
1368.jpg,640.0
5974.jpg,249.0
6768.jpg,359.9
4703.jpg,1250.0
5879.jpg,636.9
6838.jpg,220.0
7019.jpg,1975.0
125.jpg,975.0
5537.jpg,730.0
4943.jpg,1138.0
3498.jpg,399.9
509.jpg,345.0
4029.jpg,524.9
3472.jpg,489.0
5215.jpg,360.0
6737.jpg,329.0
1665.jpg,243.5
611.jpg,647.9
3099.jpg,689.0
1683.jpg,865.0
6485.jpg,475.846
4546.jpg,868.0
2144.jpg,1239.0
3021.jpg,639.0
5947.jpg,449.999
2381.jpg,239.99
5167.jpg,368.0
1844.jpg,252.5
7246.jpg,449.0
4649.jpg,649.5
5222.jpg,479.0
4076.jpg,775.0
1173.jpg,225.0
1699.jpg,359.9
1651.jpg,546.0
3116.jpg,779.0
5748.jpg,525.0
231.jpg,259.9
555.jpg,895.0
7214.jpg,748.0
3629.jpg,888.0
1709.jpg,375.0
7387.jpg,749.99
4975.jpg,525.0
3443.jpg,249.9
3199.jpg,500.0
3205.jpg,270.0
3730.jpg,729.0
7516.jpg,499.9
3900.jpg,379.9
6884.jpg,1875.0
3322.jpg,789.0
2109.jpg,1295.0
4684.jpg,1450.0
6893.jpg,869.0
921.jpg,899.0
3696.jpg,289.0
5034.jpg,899.0
1997.jpg,689.0
5342.jpg,469.0
6443.jpg,369.99
7973.jpg,454.9
723.jpg,295.0
2235.jpg,1795.0
3235.jpg,878.0
475.jpg,735.0
7321.jpg,610.0
5559.jpg,638.0
3286.jpg,1748.8
3004.jpg,899.9
7494.jpg,580.0
3378.jpg,1450.0
339.jpg,372.0
919.jpg,1788.0
5488.jpg,735.0
139.jpg,640.0
2140.jpg,569.0
2179.jpg,398.0
1831.jpg,679.9
4020.jpg,519.9
6877.jpg,1380.0
6312.jpg,650.0
3971.jpg,749.995
75.jpg,799.0
617.jpg,451.5
6431.jpg,929.0
2741.jpg,729.99
5588.jpg,290.0
143.jpg,1999.999
5981.jpg,1995.0
6171.jpg,869.0
6186.jpg,549.0
5258.jpg,234.9
5169.jpg,229.9
4069.jpg,300.0
3735.jpg,640.0
7710.jpg,435.0
5141.jpg,1695.0
4209.jpg,390.0
7628.jpg,210.0
7754.jpg,1029.999
4487.jpg,565.0
5592.jpg,799.0
6664.jpg,1449.0
3799.jpg,599.9
3937.jpg,868.0
5720.jpg,479.8
4374.jpg,259.0
2489.jpg,799.9
1733.jpg,659.0
3985.jpg,510.0
5145.jpg,459.0
6561.jpg,560.0
3698.jpg,329.9
2268.jpg,524.999
5219.jpg,999.95
706.jpg,657.5
7960.jpg,599.999
6309.jpg,415.0
3428.jpg,1598.0
2164.jpg,410.0
710.jpg,475.0
7924.jpg,234.9
1963.jpg,329.9
5539.jpg,750.0
7669.jpg,619.9
2057.jpg,305.0
2758.jpg,1750.0
5467.jpg,980.0
4995.jpg,725.0
6719.jpg,498.888
2546.jpg,735.0
328.jpg,359.0
7650.jpg,848.0
6927.jpg,1858.0
4050.jpg,699.0
623.jpg,1398.777
3687.jpg,309.999
6229.jpg,290.0
2651.jpg,575.0
3862.jpg,1789.9
3393.jpg,779.5
792.jpg,345.0
5405.jpg,1299.0
810.jpg,645.0
6864.jpg,838.888
4243.jpg,385.69
3775.jpg,1484.0
4816.jpg,505.0
2210.jpg,729.9
688.jpg,619.0
2402.jpg,759.5
1743.jpg,474.9
1748.jpg,1150.0
32.jpg,199.9
5389.jpg,679.0
6072.jpg,679.0
3933.jpg,359.0
598.jpg,839.0
3149.jpg,365.0
1189.jpg,774.9
7675.jpg,439.0
6914.jpg,1888.888
388.jpg,350.0
3189.jpg,799.0
774.jpg,199.5
5372.jpg,324.9
2774.jpg,1250.0
5225.jpg,249.9
5186.jpg,809.888
5183.jpg,569.9
4082.jpg,788.888
2893.jpg,639.9
7612.jpg,575.0
2325.jpg,255.0
5640.jpg,575.0
6726.jpg,1395.0
6928.jpg,995.0
4476.jpg,1899.0
7157.jpg,649.0
1667.jpg,700.0
6280.jpg,779.0
35.jpg,868.0
2976.jpg,858.8
3920.jpg,939.0
2558.jpg,229.9
6109.jpg,975.0
7027.jpg,449.999
2762.jpg,869.0
3813.jpg,1245.0
1540.jpg,559.0
3778.jpg,1988.0
6393.jpg,729.9
2531.jpg,849.0
3518.jpg,1150.0
7505.jpg,679.0
5882.jpg,429.0
6154.jpg,238.0
2110.jpg,249.0
771.jpg,999.999
4541.jpg,759.0
4332.jpg,328.7
4405.jpg,925.0
1899.jpg,1299.999
7862.jpg,305.0
3838.jpg,265.0
6846.jpg,549.0
4859.jpg,636.657
7001.jpg,975.0
2620.jpg,1250.0
6657.jpg,349.9
3809.jpg,254.0
4855.jpg,549.99
5439.jpg,895.0
2371.jpg,390.0
1322.jpg,259.0
1675.jpg,360.0
829.jpg,945.0
7598.jpg,557.5
2880.jpg,499.99
2408.jpg,797.5
4228.jpg,1590.0
3075.jpg,1597.0
6398.jpg,549.0
720.jpg,454.0
6963.jpg,375.0
1815.jpg,615.0
4287.jpg,349.9
1484.jpg,397.0
5728.jpg,323.5
4817.jpg,479.0
5275.jpg,997.0
6426.jpg,799.0
2254.jpg,912.0
4479.jpg,515.0
4381.jpg,675.0
141.jpg,849.0
3291.jpg,1650.0
1390.jpg,299.9
4137.jpg,1950.0
454.jpg,475.0
2205.jpg,1599.0
4463.jpg,590.0
4486.jpg,350.0
5600.jpg,420.0
679.jpg,899.0
2182.jpg,695.0
1511.jpg,739.0
5906.jpg,1950.0
5360.jpg,417.0
4070.jpg,699.9
4800.jpg,519.0
6987.jpg,995.78
5663.jpg,965.0
2681.jpg,569.0
1030.jpg,1845.0
7234.jpg,617.9
7138.jpg,799.0
3523.jpg,875.0
382.jpg,375.0
7132.jpg,769.0
1248.jpg,1200.0
1419.jpg,625.0
6521.jpg,744.9
2050.jpg,339.0
2142.jpg,1390.0
2955.jpg,375.0
2204.jpg,1299.9
7726.jpg,635.0
3231.jpg,549.0
6103.jpg,295.0
2829.jpg,549.9
6644.jpg,650.0
6722.jpg,1625.0
6942.jpg,650.0
1591.jpg,535.0
960.jpg,699.0
5691.jpg,849.0
4178.jpg,540.0
789.jpg,795.0
708.jpg,728.8
2847.jpg,419.9
2979.jpg,454.999
808.jpg,995.0
6933.jpg,499.95
1531.jpg,569.0
5647.jpg,780.0
6931.jpg,329.999
2365.jpg,895.0
6675.jpg,885.0
5609.jpg,1865.0
1702.jpg,529.0
1719.jpg,294.6
6745.jpg,622.9
5052.jpg,387.0
7389.jpg,599.999
4622.jpg,419.9
2014.jpg,307.0
2118.jpg,337.5
2859.jpg,395.0
5261.jpg,439.99
5569.jpg,1495.0
7581.jpg,699.0
3098.jpg,295.0
4259.jpg,597.9
7518.jpg,639.0
2181.jpg,589.9
2419.jpg,899.0
65.jpg,599.0
3599.jpg,419.9
6642.jpg,884.9
1694.jpg,315.0
6883.jpg,730.0
4772.jpg,821.978
5419.jpg,539.0
2276.jpg,529.9
586.jpg,899.999
3195.jpg,399.0
4112.jpg,579.0
3401.jpg,230.0
6299.jpg,455.0
7038.jpg,1538.712
1814.jpg,445.9
2988.jpg,849.9
3703.jpg,570.0
3750.jpg,788.0
4372.jpg,724.9
1387.jpg,560.0
4626.jpg,539.0
3043.jpg,1980.0
1300.jpg,425.0
353.jpg,1598.88
2519.jpg,500.0
5156.jpg,569.0
7645.jpg,749.9
6600.jpg,550.0
2088.jpg,289.0
4782.jpg,998.0
3288.jpg,739.9
1673.jpg,1339.0
7105.jpg,899.0
6595.jpg,785.0
5104.jpg,245.0
1562.jpg,399.0
3015.jpg,359.9
6761.jpg,425.0
7467.jpg,305.0
1039.jpg,349.95
1763.jpg,375.0
444.jpg,349.0
3525.jpg,849.5
1003.jpg,1099.0
2291.jpg,239.9
3106.jpg,688.0
7909.jpg,1698.0
3146.jpg,349.8
6652.jpg,765.0
1352.jpg,849.5
6992.jpg,342.0
1685.jpg,630.0
1371.jpg,199.999
2452.jpg,265.0
320.jpg,209.9
2443.jpg,898.0
5542.jpg,850.0
2440.jpg,335.0
1524.jpg,998.0
6219.jpg,685.0
1506.jpg,665.0
1554.jpg,625.0
7238.jpg,399.9
29.jpg,795.0
645.jpg,699.9
1525.jpg,315.0
1393.jpg,440.0
2170.jpg,949.9
3074.jpg,1800.5
7606.jpg,229.0
1688.jpg,550.0
4642.jpg,625.0
201.jpg,629.0
4601.jpg,329.0
7900.jpg,400.0
7948.jpg,649.99
7821.jpg,295.0
343.jpg,949.5
561.jpg,424.0
3549.jpg,595.0
5553.jpg,839.0
7805.jpg,594.0
5802.jpg,980.0
5670.jpg,205.0
3256.jpg,665.0
2030.jpg,565.0
3520.jpg,250.0
6478.jpg,775.0
511.jpg,545.0
5563.jpg,725.0
3236.jpg,699.0
7291.jpg,599.99
1400.jpg,568.8
3061.jpg,975.0
7764.jpg,649.0
4595.jpg,480.0
7857.jpg,787.5
3001.jpg,1875.0
7802.jpg,490.0
131.jpg,399.8
7803.jpg,335.0
6341.jpg,748.0
4810.jpg,699.0
5692.jpg,260.0
864.jpg,749.0
5769.jpg,925.0
2117.jpg,485.636
5235.jpg,378.0
6758.jpg,680.0
3439.jpg,750.0
3581.jpg,659.888
4324.jpg,399.0
47.jpg,849.0
2500.jpg,599.0
1420.jpg,569.9
7813.jpg,484.0
4983.jpg,799.9
3654.jpg,678.747
1943.jpg,1200.0
682.jpg,999.0
2712.jpg,944.9
5595.jpg,344.5
5862.jpg,978.0
7577.jpg,749.0
5023.jpg,1480.0
4946.jpg,550.0
5710.jpg,259.0
764.jpg,420.0
1919.jpg,635.0
6673.jpg,1200.0
3991.jpg,649.0
4071.jpg,220.0
1304.jpg,1775.0
123.jpg,455.0
7530.jpg,695.0
1252.jpg,1299.0
2486.jpg,595.0
9.jpg,879.0
1198.jpg,199.0
4368.jpg,689.0
2747.jpg,619.999
1547.jpg,574.999
3510.jpg,1545.0
5374.jpg,1349.9
4894.jpg,459.0
5466.jpg,554.9
1382.jpg,824.9
2240.jpg,495.0
6686.jpg,329.9
4060.jpg,688.888
6259.jpg,629.0
5109.jpg,305.0
5927.jpg,225.0
7880.jpg,515.0
5297.jpg,610.0
3352.jpg,499.9
2073.jpg,619.9
3925.jpg,365.0
2812.jpg,330.99
4090.jpg,734.9
2984.jpg,875.0
2090.jpg,675.0
283.jpg,949.9
3193.jpg,469.0
200.jpg,787.9
3262.jpg,829.0
7441.jpg,750.0
7848.jpg,1739.0
1318.jpg,475.0
4736.jpg,339.9
2652.jpg,560.0
7923.jpg,888.8
6989.jpg,715.0
7941.jpg,375.0
787.jpg,459.0
6666.jpg,515.0
6406.jpg,699.0
4064.jpg,399.9
878.jpg,699.999
2072.jpg,599.0
5929.jpg,1575.0
1056.jpg,455.0
6212.jpg,399.0
5991.jpg,419.9
4416.jpg,949.0
7407.jpg,359.9
7201.jpg,395.0
4448.jpg,775.0
318.jpg,695.0
6158.jpg,624.9
2391.jpg,739.0
3018.jpg,448.0
2623.jpg,270.0
5561.jpg,925.0
538.jpg,379.9
3691.jpg,950.0
4277.jpg,769.0
4925.jpg,810.0
3733.jpg,339.9
1413.jpg,948.0
7700.jpg,288.0
5114.jpg,519.0
2086.jpg,279.0
2113.jpg,355.0
1468.jpg,759.0
2987.jpg,499.9
7208.jpg,448.0
6607.jpg,949.9
1898.jpg,429.8
2397.jpg,449.9
2639.jpg,314.9
839.jpg,325.0
6732.jpg,1095.0
6958.jpg,458.0
3089.jpg,1899.0
585.jpg,529.5
1076.jpg,925.0
5155.jpg,1020.0
4553.jpg,1275.0
5565.jpg,639.9
1976.jpg,739.9
5158.jpg,549.9
4392.jpg,489.9
1045.jpg,612.0
4597.jpg,499.0
2672.jpg,216.888
1463.jpg,328.0
5396.jpg,243.0
3638.jpg,799.999
2237.jpg,649.9
1353.jpg,1159.8
1987.jpg,1570.0
1446.jpg,389.0
3983.jpg,585.0
1385.jpg,1675.0
4041.jpg,678.0
4130.jpg,724.9
567.jpg,565.0
5622.jpg,765.0
4003.jpg,985.0
355.jpg,750.0
1716.jpg,928.88
6477.jpg,919.0
3002.jpg,619.999
6538.jpg,1850.0
5426.jpg,795.0
2392.jpg,698.99
5179.jpg,299.888
3561.jpg,429.0
1066.jpg,300.0
4042.jpg,1730.0
223.jpg,535.0
6287.jpg,950.0
1405.jpg,550.0
2649.jpg,1349.0
6203.jpg,1499.999
1179.jpg,887.9
6250.jpg,254.0
3822.jpg,589.0
459.jpg,638.0
4727.jpg,819.0
301.jpg,305.0
4900.jpg,1969.0
2853.jpg,329.0
1075.jpg,1250.0
6043.jpg,275.0
3418.jpg,255.0
6446.jpg,862.0
5603.jpg,1075.0
7224.jpg,265.0
752.jpg,198.5
5403.jpg,470.0
7103.jpg,499.9
1002.jpg,1475.0
30.jpg,442.0
3044.jpg,589.0
5763.jpg,717.0
6647.jpg,675.0
3854.jpg,415.0
3459.jpg,549.0
3806.jpg,604.0
6147.jpg,519.0
6613.jpg,900.0
2548.jpg,795.0
7905.jpg,379.5
1245.jpg,475.0
4679.jpg,1595.0
795.jpg,1695.0
498.jpg,1649.0
2655.jpg,395.0
6376.jpg,499.999
2833.jpg,1895.0
5963.jpg,350.0
7177.jpg,658.0
4313.jpg,235.0
7131.jpg,1518.8
3083.jpg,327.0
2320.jpg,550.0
3907.jpg,920.0
5957.jpg,400.0
3944.jpg,289.9
1008.jpg,329.0
1063.jpg,639.9
7012.jpg,404.999
5150.jpg,599.999
5555.jpg,439.0
2719.jpg,400.0
2369.jpg,205.0
5941.jpg,699.0
6428.jpg,925.0
1379.jpg,629.5
3172.jpg,199.0
3380.jpg,315.0
2287.jpg,509.0
1901.jpg,430.0
455.jpg,679.9
4670.jpg,649.9
4873.jpg,299.9
404.jpg,495.0
7914.jpg,719.95
6779.jpg,265.0
3466.jpg,650.0
6703.jpg,1480.0
3124.jpg,369.0
1994.jpg,800.0
6459.jpg,210.0
462.jpg,1350.0
6597.jpg,949.9
2601.jpg,998.0
6029.jpg,648.0
5997.jpg,1399.999
5607.jpg,269.0
2041.jpg,709.9
6449.jpg,495.0
632.jpg,1790.0
5824.jpg,898.9
1822.jpg,849.0
6168.jpg,225.0
239.jpg,829.0
3328.jpg,785.0
2361.jpg,365.0
3133.jpg,299.0
781.jpg,539.999
5371.jpg,629.0
3353.jpg,533.0
2379.jpg,499.9
893.jpg,498.0
4495.jpg,627.0
5847.jpg,898.0
1586.jpg,1099.0
3755.jpg,796.0
313.jpg,290.0
6326.jpg,875.0
5394.jpg,440.0
7412.jpg,489.0
7373.jpg,799.0
37.jpg,1495.0
6053.jpg,539.9
2733.jpg,299.999
761.jpg,615.0
7271.jpg,399.0
3197.jpg,1850.0
4065.jpg,198.78
6523.jpg,565.0
5845.jpg,574.999
1346.jpg,749.0
5972.jpg,745.0
6379.jpg,799.0
5008.jpg,449.9
2579.jpg,889.9
3112.jpg,749.5
2114.jpg,898.0
6578.jpg,599.9
6173.jpg,399.0
1439.jpg,698.5
6872.jpg,450.0
2580.jpg,669.0
4016.jpg,334.9
7928.jpg,769.5
4560.jpg,339.9
4891.jpg,449.0
2526.jpg,410.0
3967.jpg,525.0
3590.jpg,895.0
1161.jpg,312.0
4101.jpg,649.9
2799.jpg,349.5
311.jpg,355.5
3548.jpg,539.0
2328.jpg,1200.0
754.jpg,899.0
3432.jpg,669.9
3484.jpg,429.0
7855.jpg,1299.0
5079.jpg,288.888
6325.jpg,478.0
441.jpg,1379.0
3543.jpg,765.0
1849.jpg,388.888
693.jpg,481.455
2628.jpg,389.5
5048.jpg,1600.0
3977.jpg,879.0
1978.jpg,299.0
6076.jpg,874.9
2367.jpg,695.0
7531.jpg,479.9
5932.jpg,795.0
3939.jpg,295.0
4915.jpg,439.9
3391.jpg,620.0
174.jpg,320.0
3394.jpg,379.0
4973.jpg,897.0
5325.jpg,585.0
2507.jpg,214.0
7913.jpg,1300.0
5080.jpg,465.0
740.jpg,1070.0
3419.jpg,649.0
3468.jpg,775.0
4752.jpg,340.0
7517.jpg,824.0
1005.jpg,1749.0
4153.jpg,200.0
6065.jpg,1550.0
2678.jpg,875.0
2746.jpg,1699.0
2098.jpg,839.9
4341.jpg,879.0
4695.jpg,225.0
1974.jpg,769.9
2592.jpg,598.0
4038.jpg,549.0
4857.jpg,899.0
3538.jpg,550.0
3789.jpg,285.0
962.jpg,579.9
1668.jpg,589.0
6318.jpg,540.0
6735.jpg,485.0
6620.jpg,739.0
2468.jpg,780.0
5714.jpg,906.99
6160.jpg,339.0
6635.jpg,945.0
3162.jpg,229.0
6587.jpg,775.0
2782.jpg,315.0
1689.jpg,575.99
6320.jpg,295.0
2605.jpg,399.95
4133.jpg,235.0
7388.jpg,650.0
949.jpg,410.0
6573.jpg,479.0
4443.jpg,1599.0
7679.jpg,759.0
7639.jpg,544.9
1233.jpg,294.999
5532.jpg,395.0
1389.jpg,899.935
1563.jpg,749.0
7944.jpg,350.0
7026.jpg,975.0
5585.jpg,1130.0
2903.jpg,336.2
4944.jpg,695.0
3554.jpg,330.0
4078.jpg,419.88
2641.jpg,695.9
5519.jpg,449.0
2066.jpg,799.0
2930.jpg,999.999
367.jpg,409.0
3117.jpg,949.9
5620.jpg,599.0
4045.jpg,1215.0
4968.jpg,799.0
2731.jpg,476.999
6552.jpg,999.0
5581.jpg,815.0
788.jpg,310.0
3926.jpg,799.9
673.jpg,459.0
6238.jpg,749.0
768.jpg,597.9
4887.jpg,299.0
3790.jpg,199.0
7743.jpg,950.0
1107.jpg,555.0
6975.jpg,1950.0
5934.jpg,302.0
6815.jpg,699.0
2021.jpg,499.9
228.jpg,299.5
7007.jpg,455.0
5283.jpg,699.0
2935.jpg,609.0
584.jpg,1799.0
4634.jpg,659.0
2718.jpg,619.9
6059.jpg,385.0
7713.jpg,789.0
4444.jpg,409.999
6822.jpg,675.0
3918.jpg,435.0
3811.jpg,998.9
5626.jpg,1849.0
2640.jpg,1170.0
641.jpg,499.9
3385.jpg,625.0
4984.jpg,1450.0
155.jpg,590.0
3849.jpg,1650.0
4253.jpg,725.0
3856.jpg,850.0
3051.jpg,590.0
2059.jpg,459.0
7417.jpg,1900.0
5062.jpg,510.0
4036.jpg,1000.0
7066.jpg,899.0
2267.jpg,759.0
7020.jpg,649.0
533.jpg,699.9
2752.jpg,695.0
6898.jpg,799.0
6291.jpg,299.0
2821.jpg,226.0
3916.jpg,975.0
7287.jpg,749.0
4177.jpg,730.0
1990.jpg,770.0
701.jpg,499.9
4299.jpg,1767.995
3816.jpg,419.0
4048.jpg,289.99
4585.jpg,975.0
5540.jpg,470.0
6283.jpg,784.9
7575.jpg,869.0
3500.jpg,1699.0
2664.jpg,489.0
3010.jpg,729.99
6207.jpg,649.0
4956.jpg,1579.0
40.jpg,749.0
225.jpg,389.995
7926.jpg,799.0
1231.jpg,299.999
1257.jpg,599.0
7135.jpg,845.0
6041.jpg,479.9
1701.jpg,349.0
4963.jpg,235.0
2888.jpg,815.0
5756.jpg,526.99
1726.jpg,778.0
4613.jpg,265.0
5975.jpg,695.0
7194.jpg,439.9
